id_practicante,fecha_ingreso,area_asignada,supervisor_asignado,estado_final,asistencia_pct,tardanzas_30d,inasistencias_injust_30d,entregables_asignados,entregables_a_tiempo,entregables_a_tiempo_pct,retrasos_entregables,eval_supervisor_promedio,incidencias_registradas,reuniones_asistidas_pct,tendencia_desempeno
PRACT_0001,2024-05-28,Marketing,Supervisor_10,0,0.9585561293497447,0,0,20,16,0.8086004330889144,4,4.3,0,0.8037449427588782,1
PRACT_0002,2023-06-22,Operaciones,Supervisor_10,1,0.6824108037197381,8,5,8,4,0.5644611318376455,4,2.4,2,0.7844909125882009,-1
PRACT_0003,2021-06-12,TI,Supervisor_9,0,0.9149777131680903,3,1,5,4,0.9132623243038209,1,4.4,0,0.9424788603905976,1
PRACT_0004,2024-05-28,Marketing,Supervisor_7,0,0.9065579072646637,1,1,11,10,0.9448271957665266,1,4.5,0,0.8230939550355776,1
PRACT_0005,2021-09-27,Operaciones,Supervisor_2,0,0.972941544872654,1,0,17,15,0.8927668685900104,2,4.0,0,0.9140478884891602,0
PRACT_0006,2022-09-24,TI,Supervisor_9,0,0.9559717435928313,4,1,20,18,0.921384456045308,2,3.7,1,0.9136722364871549,1
PRACT_0007,2023-06-25,Finanzas,Supervisor_4,0,0.9359000768079264,1,2,19,16,0.8445497540547409,3,4.6,0,0.9364900840380801,1
PRACT_0008,2024-11-24,Finanzas,Supervisor_8,1,0.7829252378743259,7,6,19,12,0.64649397914935,7,2.8,1,0.5341590768540324,-1
PRACT_0009,2024-04-20,RRHH,Supervisor_7,0,0.9388058474260957,2,1,12,10,0.8633771104344542,2,3.9,0,0.9253006614532193,0
PRACT_0010,2021-07-24,Marketing,Supervisor_7,0,0.9795965089600608,2,1,9,7,0.8828137238880885,2,4.1,0,0.8561503901492683,1
PRACT_0011,2022-08-05,Finanzas,Supervisor_8,0,0.9305756127512375,2,2,7,5,0.8245679957714209,2,4.2,1,0.9014005980992345,1
PRACT_0012,2023-04-21,Marketing,Supervisor_1,1,0.5254958541408199,9,7,19,10,0.5296074398901225,9,2.3,5,0.8093294210816306,-1
PRACT_0013,2024-06-05,Finanzas,Supervisor_5,1,0.8264238928299752,8,3,8,3,0.43328687831030105,5,2.5,5,0.7822583745452054,-1
PRACT_0014,2022-08-19,RRHH,Supervisor_2,0,0.9394551129281373,2,0,14,11,0.8007858642844436,3,3.6,0,0.8237806035355987,1
PRACT_0015,2021-09-07,Operaciones,Supervisor_2,0,0.9792692572849377,1,0,16,13,0.8376293854418818,3,4.6,0,0.9182369574232147,0
PRACT_0016,2023-05-25,RRHH,Supervisor_1,0,0.9279144133222305,2,2,19,18,0.950875191104982,1,3.6,1,0.9938233061881477,1
PRACT_0017,2021-07-15,TI,Supervisor_5,0,0.9646365112123656,4,0,14,12,0.9041054225618328,2,4.2,1,0.8313538874670005,1
PRACT_0018,2022-11-21,Finanzas,Supervisor_2,0,0.9873310873257728,1,0,5,4,0.8174067130183109,1,4.7,1,0.970581417545083,1
PRACT_0019,2023-12-30,TI,Supervisor_4,0,0.9041644022339981,2,0,11,8,0.807355558546618,3,4.2,0,0.9405096161107553,1
PRACT_0020,2022-10-01,TI,Supervisor_3,0,0.9830635764686089,3,2,18,14,0.8303175823804639,4,3.7,0,0.954800662581952,0
PRACT_0021,2024-11-23,Marketing,Supervisor_3,0,0.9571333004971929,1,1,13,12,0.9895874692759303,1,5.0,1,0.8563916654285291,0
PRACT_0022,2022-11-03,Finanzas,Supervisor_2,0,0.960747175390857,1,2,18,16,0.9359673519515441,2,4.8,1,0.8575777858759686,0
PRACT_0023,2024-05-11,TI,Supervisor_6,0,0.9523158000805982,3,2,18,16,0.8991049246623689,2,4.7,1,0.9812038911552976,0
PRACT_0024,2024-03-17,Operaciones,Supervisor_2,0,0.9874475103283642,1,0,14,11,0.8501463652004109,3,4.1,1,0.8719664064185118,1
PRACT_0025,2023-08-02,TI,Supervisor_8,0,0.9043433357235637,2,0,11,9,0.8710919703768277,2,3.8,0,0.8126030781385621,1
PRACT_0026,2021-07-18,Operaciones,Supervisor_8,0,0.9261028391535848,1,1,9,8,0.9279107652754622,1,4.9,0,0.9201193407158901,0
PRACT_0027,2024-12-20,Marketing,Supervisor_5,0,0.9875762538859155,2,1,19,16,0.8488460234019168,3,4.3,0,0.8249635338083686,1
PRACT_0028,2022-05-07,TI,Supervisor_10,0,0.9752345702531956,3,1,18,14,0.8089113263235307,4,4.8,1,0.9593192482815817,1
PRACT_0029,2023-06-15,RRHH,Supervisor_7,0,0.9017645160178606,0,1,8,7,0.9051099340300459,1,4.0,1,0.9283492885002115,0
PRACT_0030,2021-05-22,Marketing,Supervisor_4,0,0.9517006283209709,3,2,12,10,0.8945608928225449,2,4.0,1,0.9749453010442417,1
PRACT_0031,2024-08-29,Operaciones,Supervisor_1,0,0.9529572680712675,2,1,17,14,0.8641762798073287,3,5.0,0,0.956967449956527,1
PRACT_0032,2021-06-14,Marketing,Supervisor_2,0,0.940088213512791,4,2,19,16,0.8588643488462472,3,4.3,0,0.8224227296676393,1
PRACT_0033,2021-11-10,TI,Supervisor_10,0,0.929739333206199,3,0,8,7,0.9517824497774059,1,3.7,1,0.8762141352868845,0
PRACT_0034,2021-01-21,Finanzas,Supervisor_10,1,0.7386036976443198,15,2,15,8,0.5544939431945034,7,1.8,1,0.8098240999658349,-1
PRACT_0035,2024-01-11,Finanzas,Supervisor_4,1,0.5727266626466638,15,5,5,3,0.6102113728562104,2,2.2,2,0.6669365893065303,0
PRACT_0036,2024-02-29,Operaciones,Supervisor_1,1,0.7796319967250971,5,1,10,5,0.596868397122642,5,1.6,3,0.8889461939119914,-1
PRACT_0037,2023-09-11,Operaciones,Supervisor_8,0,0.9803037160767472,1,2,20,16,0.8258495387978453,4,4.2,1,0.9471480899786898,0
PRACT_0038,2021-11-01,Finanzas,Supervisor_9,0,0.941526143757282,3,1,13,12,0.9899910018664408,1,4.1,1,0.8030999833380642,1
PRACT_0039,2022-01-06,Operaciones,Supervisor_4,0,0.9283548010909648,2,2,6,5,0.9406610613726756,1,4.7,0,0.9759971383121673,0
PRACT_0040,2023-05-03,Marketing,Supervisor_10,0,0.9283878181590713,3,0,8,7,0.9577372858462848,1,4.0,1,0.8201609569737116,1
PRACT_0041,2022-01-19,RRHH,Supervisor_3,0,0.948229132399621,4,1,9,8,0.9875506031022967,1,5.0,1,0.8281047448360173,0
PRACT_0042,2022-03-21,RRHH,Supervisor_2,0,0.9719579224749358,1,0,19,15,0.8066786409731715,4,3.8,0,0.9468984801222102,0
PRACT_0043,2022-03-01,Marketing,Supervisor_5,0,0.9358868690993859,0,0,9,8,0.9676825462334742,1,4.4,1,0.9729937118860961,1
PRACT_0044,2021-06-10,RRHH,Supervisor_3,1,0.713515170910213,14,6,16,7,0.47169597632670296,9,1.6,1,0.7145398511598224,-1
PRACT_0045,2024-04-16,TI,Supervisor_10,0,0.9382484460582594,0,1,9,8,0.9597929805067491,1,4.6,1,0.8578099465891559,1
PRACT_0046,2022-09-21,Marketing,Supervisor_7,0,0.9304523189151384,3,1,20,16,0.8050008225701185,4,5.0,1,0.8702631090506352,0
PRACT_0047,2023-06-14,Operaciones,Supervisor_6,0,0.9024859515915794,1,2,12,11,0.985760803999558,1,4.7,1,0.8685778659192113,0
PRACT_0048,2022-05-05,Marketing,Supervisor_1,0,0.9003914105735391,2,2,10,8,0.807497591373932,2,4.3,0,0.8653356207619025,1
PRACT_0049,2023-10-14,Finanzas,Supervisor_8,0,0.9227207677832004,3,0,6,5,0.9399117918903266,1,4.2,0,0.8485819343643299,1
PRACT_0050,2021-11-23,Operaciones,Supervisor_2,0,0.9406406286800996,1,1,11,10,0.9103558567451391,1,4.8,0,0.9217734189258466,0
PRACT_0051,2022-08-21,Finanzas,Supervisor_5,1,0.7979414085767211,10,4,19,7,0.4210103870895344,12,2.9,2,0.8601621274260269,-1
PRACT_0052,2023-10-12,Operaciones,Supervisor_9,0,0.9798484242930425,0,0,12,9,0.8099844971326758,3,5.0,0,0.8614164826166683,0
PRACT_0053,2021-10-16,RRHH,Supervisor_8,1,0.5935078419057964,14,5,11,6,0.5718980932340778,5,2.1,5,0.5746777189845649,-1
PRACT_0054,2022-08-16,Marketing,Supervisor_2,1,0.5855891550445047,7,1,14,8,0.6281674346559769,6,3.0,1,0.83543106654857,-1
PRACT_0055,2022-07-27,TI,Supervisor_9,0,0.9227322071070028,3,0,20,17,0.8928140570862474,3,3.7,0,0.9483566661779407,0
PRACT_0056,2024-10-09,Operaciones,Supervisor_5,1,0.6187330691851034,12,5,16,8,0.5255106730396022,8,1.9,1,0.8723348126239643,0
PRACT_0057,2021-01-28,Operaciones,Supervisor_10,0,0.9498198719561686,3,1,6,5,0.8563148571711061,1,3.6,1,0.833103947120982,0
PRACT_0058,2023-08-12,Finanzas,Supervisor_6,0,0.9438667772031576,3,2,20,18,0.9431352960245154,2,3.9,0,0.8288502628233183,0
PRACT_0059,2021-02-12,RRHH,Supervisor_3,0,0.9218273198781494,2,1,15,14,0.9398354862923146,1,4.7,1,0.9082858788609993,1
PRACT_0060,2022-02-27,Finanzas,Supervisor_3,0,0.9130451409943618,0,1,18,15,0.8762218652016566,3,4.8,1,0.922886730967019,1
PRACT_0061,2021-06-26,Finanzas,Supervisor_10,0,0.9012577812486195,3,1,16,15,0.9388794654959827,1,4.7,1,0.8960346883719179,1
PRACT_0062,2022-06-13,RRHH,Supervisor_8,0,0.9153963238666504,0,2,16,14,0.8963399676024683,2,4.4,0,0.9197933272647751,1
PRACT_0063,2023-08-24,TI,Supervisor_10,1,0.7468747295679414,14,3,5,2,0.43681313317905435,3,2.3,2,0.5721519075500285,-1
PRACT_0064,2021-07-17,Finanzas,Supervisor_10,0,0.9243638569345584,0,2,12,11,0.9642247252235449,1,4.6,0,0.8959227508328167,1
PRACT_0065,2022-09-02,Finanzas,Supervisor_2,0,0.946860181012151,0,1,12,11,0.9771047677506395,1,4.1,1,0.9316185121879336,0
PRACT_0066,2023-04-22,Operaciones,Supervisor_2,0,0.9591301148923245,3,2,18,15,0.8539123386504919,3,4.8,0,0.8865412898497408,1
PRACT_0067,2023-05-03,RRHH,Supervisor_5,0,0.9886840902831607,4,0,19,16,0.8765730430967078,3,4.5,0,0.9358894671633196,1
PRACT_0068,2021-01-22,Marketing,Supervisor_6,1,0.8110992844376967,15,7,14,7,0.5208918400370183,7,2.5,2,0.6804765122215358,-1
PRACT_0069,2024-02-10,TI,Supervisor_2,0,0.9745733733681359,2,1,16,13,0.8572372493368268,3,4.3,0,0.8667199161684555,1
PRACT_0070,2023-12-17,TI,Supervisor_5,1,0.5123049472169755,12,2,13,6,0.5077580207167545,7,2.8,4,0.621442018834837,-1
PRACT_0071,2023-12-26,RRHH,Supervisor_7,0,0.9575070419085415,4,0,18,16,0.9001877383499789,2,3.9,0,0.8821804117977177,1
PRACT_0072,2023-04-22,Operaciones,Supervisor_10,0,0.9786583470831507,1,2,20,16,0.8349993657501168,4,4.1,0,0.8046179245364402,0
PRACT_0073,2021-04-08,Operaciones,Supervisor_10,0,0.9017288044763363,3,2,8,7,0.8858642333875411,1,4.7,0,0.9337050276892227,1
PRACT_0074,2024-03-13,RRHH,Supervisor_8,1,0.6923896147798023,6,4,17,11,0.6850852150511456,6,2.2,1,0.8380422563921048,-1
PRACT_0075,2022-03-11,Operaciones,Supervisor_7,0,0.985776414578603,1,0,14,12,0.8911848848638835,2,4.8,0,0.8709254188886237,1
PRACT_0076,2022-09-29,TI,Supervisor_8,0,0.9474102075842267,4,1,13,11,0.859760612816655,2,4.0,0,0.8092066272283438,1
PRACT_0077,2024-01-15,TI,Supervisor_9,0,0.9004106202897448,2,1,16,14,0.9076993301490119,2,4.1,1,0.9973551194771115,1
PRACT_0078,2022-08-11,Marketing,Supervisor_5,0,0.9011013358335608,1,2,16,14,0.9259282468464914,2,4.8,0,0.8527396510902134,1
PRACT_0079,2021-12-10,RRHH,Supervisor_5,0,0.941663603741375,2,2,13,10,0.8431549992885379,3,4.2,1,0.8253242243381547,1
PRACT_0080,2024-08-10,Finanzas,Supervisor_10,0,0.9155008667416755,0,2,16,13,0.8710679416439094,3,4.3,0,0.8739505015946056,1
PRACT_0081,2022-07-25,Finanzas,Supervisor_4,1,0.7325577299826408,9,7,7,4,0.608740694447734,3,2.0,3,0.7954228162534227,0
PRACT_0082,2022-09-03,Marketing,Supervisor_9,0,0.9708799264906154,0,2,5,4,0.937622775252211,1,3.9,0,0.8587833193781131,0
PRACT_0083,2021-08-31,Marketing,Supervisor_5,0,0.9177879795460628,3,1,17,13,0.8056967621098543,4,4.5,1,0.9149406407838976,0
PRACT_0084,2022-07-15,Operaciones,Supervisor_2,0,0.9888533288524485,0,1,17,14,0.8288951393189211,3,3.7,1,0.8831119988874284,1
PRACT_0085,2023-08-18,Marketing,Supervisor_10,0,0.9441907844978926,4,1,5,4,0.9984497158311151,1,4.8,0,0.8235527984553237,1
PRACT_0086,2021-02-01,Marketing,Supervisor_8,0,0.9142845907591924,1,1,20,16,0.8073786577821537,4,4.7,1,0.8660574024984221,1
PRACT_0087,2022-01-26,Finanzas,Supervisor_7,0,0.9764251598069396,3,0,18,15,0.83446236745949,3,3.8,1,0.9449741011428133,0
PRACT_0088,2021-10-04,Operaciones,Supervisor_8,0,0.9789974500016773,0,1,15,13,0.923376814393279,2,4.5,0,0.9224007794662892,1
PRACT_0089,2022-06-16,Marketing,Supervisor_3,1,0.7237534154329102,7,1,6,3,0.5092855003884498,3,2.4,5,0.5479113519534244,-1
PRACT_0090,2024-03-23,Marketing,Supervisor_4,0,0.9853465553202553,0,1,17,14,0.8328482134446309,3,3.8,0,0.8326644819428618,0
PRACT_0091,2022-01-18,Operaciones,Supervisor_5,0,0.9737372972030671,0,2,14,11,0.8396712936498667,3,3.9,0,0.9281466718614891,1
PRACT_0092,2023-12-28,RRHH,Supervisor_6,0,0.988220573722699,3,2,18,15,0.8542355571422408,3,4.1,0,0.9626830828641738,1
PRACT_0093,2023-06-03,Operaciones,Supervisor_1,0,0.9433888048485479,1,2,17,16,0.9625809661505598,1,4.5,0,0.8698948991916339,1
PRACT_0094,2021-08-02,Finanzas,Supervisor_4,0,0.9747597128099442,3,0,10,8,0.8117592033089275,2,4.5,1,0.91906215036869,0
PRACT_0095,2022-01-11,RRHH,Supervisor_10,0,0.9999751563429045,2,1,13,10,0.8196237747801025,3,4.3,0,0.8341287177504211,0
PRACT_0096,2023-01-14,TI,Supervisor_5,0,0.972493119751962,4,1,18,16,0.9306977864116495,2,4.7,0,0.8622752673810647,0
PRACT_0097,2021-08-01,Operaciones,Supervisor_7,0,0.9114183780237133,2,0,13,10,0.8346436762373801,3,4.6,0,0.8040540411346105,0
PRACT_0098,2021-03-20,Finanzas,Supervisor_5,0,0.9518318722429183,1,0,9,8,0.954430500961493,1,4.4,0,0.9536551895599046,0
PRACT_0099,2022-09-20,RRHH,Supervisor_1,0,0.9587347791243028,3,0,14,13,0.9770238641815292,1,4.7,1,0.8802019639545934,1
PRACT_0100,2022-08-27,Operaciones,Supervisor_7,0,0.9174210675071391,0,0,11,9,0.8669713901997963,2,4.0,1,0.9632251147307908,0
PRACT_0101,2023-02-21,Marketing,Supervisor_8,0,0.9962891634178037,3,0,19,15,0.8234943880545719,4,4.8,1,0.9416745992045452,1
PRACT_0102,2024-11-05,Operaciones,Supervisor_7,0,0.9175579777634616,1,2,11,10,0.9802773713621314,1,4.4,0,0.9657488531456954,1
PRACT_0103,2023-09-28,TI,Supervisor_4,0,0.9177557919713223,0,1,18,16,0.9103310497580913,2,4.7,0,0.8571317339165766,0
PRACT_0104,2022-11-11,Operaciones,Supervisor_8,0,0.9915167137974555,2,0,7,6,0.8991018354661277,1,4.3,1,0.8370217460855691,1
PRACT_0105,2021-02-27,RRHH,Supervisor_5,1,0.6628219015925849,12,7,10,5,0.5670868389582207,5,1.8,2,0.8887622730606682,0
PRACT_0106,2023-11-16,RRHH,Supervisor_10,0,0.9063188279274517,4,0,11,9,0.8296770756434956,2,4.3,0,0.943465557408174,1
PRACT_0107,2023-05-31,Operaciones,Supervisor_9,0,0.9598187499938529,4,2,6,5,0.8764229729019037,1,4.1,0,0.9668084535853341,0
PRACT_0108,2022-03-23,RRHH,Supervisor_10,0,0.9601826348633048,3,0,8,7,0.9993467540588763,1,4.5,0,0.8026266747419868,1
PRACT_0109,2021-03-07,Marketing,Supervisor_5,0,0.9064500758686562,2,1,11,9,0.851176577208955,2,4.2,0,0.8708923240591774,0
PRACT_0110,2024-07-01,Operaciones,Supervisor_1,0,0.9972522495633662,1,0,6,5,0.9712535307048162,1,4.8,0,0.9485633381154663,1
PRACT_0111,2023-12-04,Marketing,Supervisor_9,0,0.9544029965294576,4,0,5,4,0.9073802541040844,1,4.5,1,0.8155965665979967,0
PRACT_0112,2024-01-26,Marketing,Supervisor_5,0,0.9559795722179765,2,1,6,5,0.8817687323450136,1,4.5,0,0.9134679859137872,1
PRACT_0113,2023-10-09,Finanzas,Supervisor_6,1,0.682040395075838,13,6,13,6,0.48061824083943727,7,1.8,2,0.6716291069820013,-1
PRACT_0114,2021-08-15,Operaciones,Supervisor_4,1,0.713756122875617,8,1,13,5,0.42278808608947505,8,3.0,1,0.5070466028564429,-1
PRACT_0115,2023-02-13,RRHH,Supervisor_6,0,0.9264299752773755,3,1,6,5,0.9037230063270668,1,4.8,0,0.8471951154238904,1
PRACT_0116,2022-11-10,Marketing,Supervisor_8,1,0.6005344717911942,7,2,9,4,0.49342169351346343,5,2.7,1,0.6139167956266857,-1
PRACT_0117,2024-12-30,Finanzas,Supervisor_3,1,0.6789686814286464,9,4,14,8,0.6259778615787456,6,2.0,4,0.544743978538529,-1
PRACT_0118,2022-08-24,Operaciones,Supervisor_5,0,0.9806685854763579,2,2,16,14,0.8986888558565478,2,4.3,1,0.9263073819485321,0
PRACT_0119,2022-01-14,Operaciones,Supervisor_2,1,0.5174526017729626,13,2,14,5,0.4056352978261546,9,1.7,3,0.5969591505007557,0
PRACT_0120,2024-04-16,TI,Supervisor_2,0,0.9603404212220246,2,1,9,7,0.8820986229082683,2,4.3,1,0.8555238999238777,1
PRACT_0121,2024-12-21,TI,Supervisor_7,1,0.7823723498772099,6,1,9,5,0.6466417627300308,4,1.7,2,0.8592954392800589,-1
PRACT_0122,2022-12-10,Marketing,Supervisor_10,1,0.5549210452130295,9,1,15,6,0.43811687960730233,9,2.3,4,0.6868492370772558,-1
PRACT_0123,2021-11-03,TI,Supervisor_10,0,0.9015022541980566,0,2,10,8,0.8259940873237626,2,4.5,1,0.8784256293938545,1
PRACT_0124,2023-02-18,Marketing,Supervisor_10,0,0.9312713295141458,3,0,11,9,0.8417674040903969,2,4.1,0,0.9447742076629435,0
PRACT_0125,2022-05-19,RRHH,Supervisor_6,0,0.9588143706729598,2,1,9,8,0.9397772170234135,1,4.2,1,0.9819227593765825,1
PRACT_0126,2021-09-25,Marketing,Supervisor_4,0,0.9138283173404748,1,1,6,5,0.8898702633459092,1,4.8,0,0.8050072672474888,1
PRACT_0127,2021-01-08,TI,Supervisor_5,1,0.6491428298403699,7,4,8,3,0.48233561506144357,5,1.7,2,0.6792955386221586,0
PRACT_0128,2022-05-23,RRHH,Supervisor_1,1,0.6933125240809973,8,2,8,4,0.5933188486845598,4,2.7,3,0.744312542431179,-1
PRACT_0129,2022-04-21,TI,Supervisor_7,0,0.9598883094757318,0,0,12,11,0.9858272467443536,1,3.8,1,0.863712619625198,1
PRACT_0130,2024-08-13,Marketing,Supervisor_8,0,0.9274411721000375,4,1,19,16,0.8644666623600947,3,3.6,0,0.9544815444246484,0
PRACT_0131,2021-06-13,Finanzas,Supervisor_9,0,0.9400029635986291,3,1,7,6,0.9183316131047341,1,3.8,0,0.9942954140540547,1
PRACT_0132,2022-04-30,Operaciones,Supervisor_8,0,0.9778339229067559,0,2,10,9,0.9969875737941727,1,4.6,0,0.9886854732500566,0
PRACT_0133,2024-01-01,TI,Supervisor_5,0,0.9941214694120686,3,2,5,4,0.8076614933679324,1,4.1,0,0.8531965078759884,1
PRACT_0134,2022-07-21,Marketing,Supervisor_3,0,0.9861880331118257,1,2,9,7,0.801118831176374,2,4.8,0,0.8452676556874972,1
PRACT_0135,2023-06-24,RRHH,Supervisor_10,1,0.6974992256067012,15,1,6,2,0.4181688530237901,4,2.3,3,0.8829962124084885,-1
PRACT_0136,2022-07-13,TI,Supervisor_9,0,0.9410292802943947,4,1,11,9,0.8228582571673714,2,3.5,0,0.8917256974862932,1
PRACT_0137,2021-08-26,TI,Supervisor_6,0,0.9332956614371418,0,1,8,6,0.8073368010789085,2,4.6,1,0.8416595446169384,1
PRACT_0138,2024-02-02,Operaciones,Supervisor_5,0,0.9124956566084018,4,1,20,18,0.9473500441826455,2,3.7,0,0.9413993927260836,0
PRACT_0139,2024-05-18,Marketing,Supervisor_3,0,0.9106551247216114,4,2,5,4,0.91662005692616,1,4.7,1,0.8568840647807583,1
PRACT_0140,2022-07-08,Finanzas,Supervisor_6,1,0.7409251687197802,9,6,13,7,0.5523682628593833,6,1.8,1,0.606898790028421,-1
PRACT_0141,2023-04-08,RRHH,Supervisor_3,1,0.5909280456599061,13,6,6,2,0.49979429060024383,4,2.0,1,0.851699617231114,-1
PRACT_0142,2022-04-13,Marketing,Supervisor_10,0,0.9254661686432447,0,1,19,18,0.9819436623815552,1,4.6,1,0.8324958306753807,1
PRACT_0143,2024-07-15,RRHH,Supervisor_6,0,0.9998195054477785,4,1,13,11,0.9034573535535854,2,4.9,0,0.8128785892932473,1
PRACT_0144,2022-01-21,TI,Supervisor_4,0,0.9187925957873796,2,1,11,9,0.8223600742467875,2,4.1,1,0.8538372880343374,0
PRACT_0145,2023-02-14,Operaciones,Supervisor_2,0,0.914805975948883,3,0,17,16,0.9737012941370782,1,4.7,1,0.9213890825676407,1
PRACT_0146,2023-04-28,Operaciones,Supervisor_8,0,0.9098685227759921,4,1,12,10,0.8863433770053223,2,3.8,1,0.8246175706806541,0
PRACT_0147,2022-01-22,Finanzas,Supervisor_4,0,0.9579805345166796,1,0,20,18,0.9324346024647145,2,4.7,0,0.8943189344553588,1
PRACT_0148,2023-05-27,Operaciones,Supervisor_9,0,0.9627863826002101,4,1,6,4,0.8104370115593522,2,4.5,1,0.9254674220850639,1
PRACT_0149,2021-09-16,TI,Supervisor_7,0,0.9365227926256882,0,0,19,18,0.9911723360749476,1,3.8,0,0.9697473985186348,0
PRACT_0150,2021-10-10,Finanzas,Supervisor_2,0,0.9535413335511468,3,1,15,12,0.801669947502754,3,4.0,1,0.8459739182404509,1
PRACT_0151,2021-02-09,Marketing,Supervisor_4,1,0.7759398358307193,14,6,19,13,0.6893528667974964,6,1.7,1,0.8269385293531157,-1
PRACT_0152,2022-05-01,Operaciones,Supervisor_5,0,0.9818104168321748,3,1,6,5,0.8442443028364599,1,4.1,1,0.8469812522262478,0
PRACT_0153,2023-07-18,Finanzas,Supervisor_3,0,0.9957912075715648,3,1,12,11,0.9737927545696587,1,3.8,0,0.9353533082479282,1
PRACT_0154,2021-08-08,TI,Supervisor_9,0,0.9824267985922874,1,2,18,14,0.8254841566718799,4,4.5,1,0.886134714296491,1
PRACT_0155,2024-02-27,RRHH,Supervisor_5,1,0.6976945028510992,9,2,20,8,0.44802884129723336,12,3.0,3,0.5458724969514681,-1
PRACT_0156,2023-10-12,RRHH,Supervisor_2,0,0.9179656965836847,4,0,10,9,0.935612075357535,1,3.5,0,0.9428526925643698,1
PRACT_0157,2023-10-21,TI,Supervisor_3,0,0.9099763557702842,4,2,18,15,0.8610507258200887,3,4.3,0,0.8435525237098036,0
PRACT_0158,2022-09-05,TI,Supervisor_9,0,0.9054511889910859,2,2,5,4,0.9429711948400818,1,4.4,1,0.8353246852049183,0
PRACT_0159,2023-07-17,RRHH,Supervisor_7,0,0.9666525831785384,4,1,16,15,0.9424383456506408,1,4.9,1,0.8716645857178766,1
PRACT_0160,2022-11-19,Finanzas,Supervisor_2,0,0.9807536255397993,1,0,9,8,0.9741620849551236,1,4.3,1,0.9306580489518967,1
PRACT_0161,2022-09-05,RRHH,Supervisor_9,0,0.9508683950684079,2,0,5,4,0.947868866591061,1,4.3,0,0.8467992957581256,1
PRACT_0162,2021-09-17,TI,Supervisor_4,0,0.905471417483364,4,2,20,17,0.8859712738222425,3,4.2,0,0.8367323077563772,0
PRACT_0163,2023-09-17,Operaciones,Supervisor_9,0,0.9535470574591338,2,0,16,14,0.884607235816437,2,3.9,1,0.8019907251426729,1
PRACT_0164,2023-08-24,Marketing,Supervisor_2,0,0.993574926152455,1,1,5,4,0.801130420968237,1,3.6,1,0.8943286194203447,1
PRACT_0165,2022-01-01,Operaciones,Supervisor_10,0,0.959761319093246,4,1,18,17,0.9465537669999805,1,4.1,0,0.8857291138630365,0
PRACT_0166,2022-06-28,Operaciones,Supervisor_4,1,0.7832996209619851,5,2,15,8,0.5410746956979928,7,1.6,3,0.5935470974549505,-1
PRACT_0167,2022-10-11,TI,Supervisor_5,0,0.9800152648391751,1,1,16,15,0.9518104020134217,1,4.3,0,0.8107304328019382,1
PRACT_0168,2023-03-25,RRHH,Supervisor_2,0,0.9932129099780653,3,1,15,13,0.8953590447800767,2,4.0,1,0.8858511749191674,0
PRACT_0169,2023-11-06,Finanzas,Supervisor_10,0,0.9770228765649873,3,2,14,13,0.9994409015701358,1,4.3,0,0.9576410222143262,0
PRACT_0170,2024-02-27,Operaciones,Supervisor_1,0,0.9747700514013089,1,1,5,4,0.8354270909586006,1,3.7,1,0.9430564262654354,1
PRACT_0171,2022-07-29,RRHH,Supervisor_7,0,0.923410266497064,3,1,18,15,0.8555638989410761,3,4.9,0,0.9721589779720341,1
PRACT_0172,2024-02-07,Finanzas,Supervisor_10,0,0.9059925155321081,1,2,18,17,0.9986341579196665,1,4.8,1,0.8019165375426311,1
PRACT_0173,2023-10-10,Operaciones,Supervisor_1,0,0.9517599465053808,0,2,8,7,0.9155899481695686,1,3.8,1,0.9932838633609197,1
PRACT_0174,2022-11-01,Finanzas,Supervisor_8,0,0.9124434207946756,1,2,17,16,0.9451937558656694,1,4.0,0,0.8682824505254897,1
PRACT_0175,2021-09-26,RRHH,Supervisor_3,0,0.9962195876277992,4,0,17,16,0.9430913910719634,1,4.4,0,0.998079559218393,1
PRACT_0176,2024-03-31,Marketing,Supervisor_10,0,0.9289924762633028,4,0,7,5,0.8210667788489929,2,3.6,0,0.850523892120355,0
PRACT_0177,2024-07-07,RRHH,Supervisor_6,0,0.9852944203384293,2,1,15,12,0.8600384368611329,3,4.0,0,0.894307277515649,0
PRACT_0178,2023-07-13,TI,Supervisor_7,0,0.938762462520246,3,1,18,15,0.8387855640561361,3,3.9,1,0.8707855353150608,0
PRACT_0179,2024-01-31,Finanzas,Supervisor_10,1,0.6131179874500821,12,2,20,11,0.5675418374848404,9,2.9,4,0.642304285997721,-1
PRACT_0180,2021-09-04,Marketing,Supervisor_1,0,0.9935158572376621,3,0,11,9,0.9031093988150285,2,4.8,1,0.9684564197496431,0
PRACT_0181,2021-05-11,Finanzas,Supervisor_6,0,0.9363322572086225,1,1,12,10,0.868573747905483,2,4.4,1,0.9492837879474678,0
PRACT_0182,2021-12-19,Finanzas,Supervisor_7,0,0.9390287908663136,3,1,19,18,0.9513245576179891,1,4.3,1,0.9984302870460096,0
PRACT_0183,2021-07-15,Operaciones,Supervisor_6,1,0.5371321228645182,10,4,8,3,0.4277268750715211,5,2.9,5,0.745405873087005,-1
PRACT_0184,2023-07-19,TI,Supervisor_4,1,0.7346563328488782,9,5,8,4,0.5970168119370192,4,2.9,5,0.6853026417578011,-1
PRACT_0185,2024-11-06,Finanzas,Supervisor_1,0,0.9288839414477513,0,2,8,7,0.9819034632890106,1,5.0,1,0.8180147725893783,0
PRACT_0186,2023-10-19,RRHH,Supervisor_9,0,0.9585604167839508,1,0,11,10,0.963582925209333,1,3.7,0,0.9993122839027714,1
PRACT_0187,2022-10-07,RRHH,Supervisor_4,1,0.7069730964186233,11,6,9,3,0.4391873449229774,6,1.7,5,0.7206122611729131,-1
PRACT_0188,2021-08-15,Operaciones,Supervisor_7,0,0.9719199695595767,2,0,12,11,0.9871910307457207,1,4.5,0,0.9400954939380284,1
PRACT_0189,2022-12-02,TI,Supervisor_7,0,0.9745241486172441,3,2,11,10,0.9754958391817665,1,4.3,0,0.8813484774382623,1
PRACT_0190,2021-09-22,TI,Supervisor_2,0,0.9514452434401539,0,2,11,9,0.8908110645219098,2,3.5,0,0.9095431416358472,1
PRACT_0191,2024-10-27,RRHH,Supervisor_1,0,0.9330991947603403,0,2,6,5,0.892361306803924,1,3.6,1,0.9885155463785774,1
PRACT_0192,2024-12-28,Marketing,Supervisor_8,1,0.7931078131921568,8,3,6,4,0.6758591886738496,2,2.8,3,0.5665677751726411,0
PRACT_0193,2022-10-08,Operaciones,Supervisor_8,1,0.6084529772929697,9,7,11,6,0.6219109403343454,5,2.8,5,0.6169490337321019,-1
PRACT_0194,2021-07-30,Operaciones,Supervisor_7,0,0.9507509094469332,3,2,11,10,0.9177377948672032,1,4.0,1,0.8304119455556065,1
PRACT_0195,2024-11-01,RRHH,Supervisor_8,0,0.9401252583203729,2,1,5,4,0.9687304513056996,1,4.8,1,0.9584431807609549,1
PRACT_0196,2024-11-19,RRHH,Supervisor_3,0,0.9855078385969688,4,1,17,14,0.834531480219518,3,4.4,1,0.812409052084366,1
PRACT_0197,2023-08-01,Marketing,Supervisor_2,0,0.9431918531145829,1,0,12,11,0.9231864014173338,1,4.7,0,0.8163263299702677,0
PRACT_0198,2024-10-19,Marketing,Supervisor_7,1,0.6351347160931196,15,4,5,3,0.6660203175837713,2,2.1,2,0.6193976451149474,-1
PRACT_0199,2022-04-02,TI,Supervisor_8,1,0.7414382925141731,10,2,19,10,0.5580243557290139,9,1.7,1,0.7056752723684045,-1
PRACT_0200,2022-12-26,Operaciones,Supervisor_1,0,0.9602441109861443,0,2,19,15,0.8126067304999524,4,4.2,1,0.8812549601119173,1
PRACT_0201,2024-06-03,Operaciones,Supervisor_10,0,0.9107246833495847,4,1,8,6,0.806113673469526,2,4.2,0,0.8089632621341615,1
PRACT_0202,2023-09-09,RRHH,Supervisor_9,0,0.9508168806343963,2,0,10,8,0.862848304099901,2,4.3,0,0.9914983115741903,0
PRACT_0203,2024-02-29,TI,Supervisor_4,0,0.9735478388333247,3,2,19,18,0.9870540325163868,1,3.7,1,0.9905739040716167,0
PRACT_0204,2022-08-11,Operaciones,Supervisor_4,1,0.8472261676069747,12,2,20,13,0.6667914171484655,7,3.0,3,0.6117425292963039,-1
PRACT_0205,2022-04-21,TI,Supervisor_3,0,0.9629146833970319,2,1,20,19,0.990826120611515,1,3.9,0,0.9463051230537163,0
PRACT_0206,2023-09-13,TI,Supervisor_6,0,0.9370293066441318,1,0,8,7,0.9126940947625704,1,3.8,0,0.9157150822766448,0
PRACT_0207,2024-07-24,RRHH,Supervisor_1,0,0.9226151599802118,4,2,17,14,0.8814663179695185,3,4.3,0,0.8474953390011248,0
PRACT_0208,2021-06-05,TI,Supervisor_6,0,0.987283023415332,4,0,18,15,0.8713592511309869,3,4.3,1,0.8524343103483232,0
PRACT_0209,2024-05-26,Marketing,Supervisor_2,0,0.9814565212113503,4,2,10,8,0.8546023991080064,2,4.2,1,0.8982306348620901,1
PRACT_0210,2021-07-09,Marketing,Supervisor_9,0,0.9233922820779386,4,2,13,12,0.9821225014745211,1,4.7,1,0.8838473882994721,0
PRACT_0211,2024-12-11,Finanzas,Supervisor_2,0,0.9200632090146573,0,1,13,12,0.9414909583465803,1,4.3,0,0.8582458656462528,1
PRACT_0212,2023-09-08,RRHH,Supervisor_7,0,0.9715136776811175,0,0,20,19,0.9876924106249337,1,4.4,1,0.9615023192610298,1
PRACT_0213,2022-06-30,Finanzas,Supervisor_1,0,0.931495206191876,3,0,20,19,0.9977351086291588,1,4.6,1,0.896292583527477,1
PRACT_0214,2021-02-10,Marketing,Supervisor_7,0,0.9306398798361958,4,0,15,12,0.8162558209681776,3,3.5,0,0.9309696124778256,0
PRACT_0215,2021-11-03,Finanzas,Supervisor_5,0,0.9152290247067656,1,2,11,10,0.9453209528755325,1,4.4,1,0.8378547000335751,1
PRACT_0216,2023-08-01,RRHH,Supervisor_8,0,0.9263975519709831,3,0,9,8,0.9259345303719775,1,4.8,1,0.9067015325032973,1
PRACT_0217,2021-12-04,RRHH,Supervisor_4,0,0.9427507557592649,4,2,8,7,0.8908819502562928,1,3.5,1,0.8635952098893244,1
PRACT_0218,2024-08-30,TI,Supervisor_10,0,0.9732838337272416,0,0,5,4,0.8663812569794994,1,4.1,0,0.9052827220789756,1
PRACT_0219,2024-01-04,Operaciones,Supervisor_7,0,0.933630809441375,1,0,12,9,0.8066509214425217,3,4.9,1,0.9561651666821857,1
PRACT_0220,2023-08-11,TI,Supervisor_6,1,0.6150115188179449,8,2,11,7,0.6810321848569005,4,2.0,2,0.8075652840365046,0
PRACT_0221,2021-10-06,RRHH,Supervisor_5,0,0.9284913252552436,1,0,5,4,0.9772890022794515,1,4.2,1,0.8708441356068553,0
PRACT_0222,2024-04-14,Marketing,Supervisor_4,0,0.9478283667511043,4,1,20,18,0.9269828470624129,2,5.0,0,0.9388554234159279,0
PRACT_0223,2023-06-15,Marketing,Supervisor_7,0,0.9180636697941316,2,1,5,4,0.8239533863821771,1,3.8,0,0.9882579900788554,1
PRACT_0224,2021-09-30,TI,Supervisor_5,0,0.9485630734032126,1,2,13,10,0.8433373287410786,3,3.6,1,0.9251338659849813,0
PRACT_0225,2023-04-17,RRHH,Supervisor_5,0,0.970417555619469,1,0,17,15,0.8942608803513017,2,4.8,1,0.8296820246765275,0
PRACT_0226,2022-09-12,Marketing,Supervisor_1,0,0.9029790504032622,0,0,18,16,0.9436475989962568,2,4.8,1,0.935941725855819,1
PRACT_0227,2023-05-12,RRHH,Supervisor_2,1,0.5034227831070166,9,1,11,7,0.6875351069357374,4,2.2,3,0.5419617545397245,-1
PRACT_0228,2023-07-20,Marketing,Supervisor_5,0,0.907512291015451,1,1,8,6,0.8595752663045587,2,4.3,0,0.9744220817586055,1
PRACT_0229,2021-10-16,RRHH,Supervisor_3,1,0.6874810216048393,9,4,10,5,0.5933544473304389,5,2.8,2,0.7066641983207761,0
PRACT_0230,2022-12-25,Finanzas,Supervisor_2,0,0.9854455083185404,0,0,15,14,0.9349347984046323,1,4.6,1,0.8770281472623159,0
PRACT_0231,2023-06-12,RRHH,Supervisor_4,0,0.9004884466020252,4,2,19,16,0.8888128982841063,3,3.9,0,0.8114013189299385,0
PRACT_0232,2021-09-29,RRHH,Supervisor_4,0,0.9936661304584681,0,2,13,11,0.8998423007066534,2,3.5,0,0.8761567469184219,0
PRACT_0233,2023-12-26,TI,Supervisor_4,0,0.9106278511570536,0,0,5,4,0.8481607024309239,1,4.2,1,0.9806413335831579,0
PRACT_0234,2022-04-28,Finanzas,Supervisor_4,0,0.9841983528058227,3,1,17,13,0.8134056158075046,4,4.8,0,0.8041965992572607,0
PRACT_0235,2023-07-25,Operaciones,Supervisor_3,0,0.9482854764982946,4,2,8,7,0.9121423478302637,1,4.8,1,0.894929631556361,0
PRACT_0236,2021-09-05,TI,Supervisor_7,0,0.9659357387278844,2,2,11,9,0.8243236313639299,2,4.9,1,0.9862316182221245,1
PRACT_0237,2021-06-05,Operaciones,Supervisor_9,0,0.9510682984447183,3,1,12,11,0.9326126098258384,1,4.8,0,0.8789681999530042,0
PRACT_0238,2023-12-07,Marketing,Supervisor_5,0,0.9477048225179354,0,2,9,8,0.936234510087901,1,4.4,1,0.8856351374924301,1
PRACT_0239,2022-03-30,Operaciones,Supervisor_4,0,0.9834899428364392,2,1,16,14,0.8804016943301723,2,4.2,1,0.915712011039824,1
PRACT_0240,2021-07-20,RRHH,Supervisor_2,0,0.9755886379567816,1,2,7,6,0.9512663572960318,1,4.7,1,0.8925874667154368,1
PRACT_0241,2021-05-04,Operaciones,Supervisor_2,1,0.6691907827830514,14,2,16,9,0.6191494438302755,7,2.6,2,0.567440676495021,-1
PRACT_0242,2021-01-01,TI,Supervisor_5,1,0.5390725752886215,12,7,19,10,0.5289648274374544,9,2.3,1,0.5074222156279442,-1
PRACT_0243,2023-08-26,TI,Supervisor_7,1,0.5403910357600429,10,1,18,9,0.5244293077138598,9,1.6,4,0.7439246631914807,0
PRACT_0244,2023-05-05,Operaciones,Supervisor_10,0,0.9801539460719075,3,2,17,15,0.9206615756777886,2,4.9,0,0.9841613174015624,0
PRACT_0245,2022-10-02,TI,Supervisor_10,0,0.9529390621347533,2,2,16,15,0.976778447508221,1,4.2,1,0.8212728266054332,0
PRACT_0246,2021-07-10,TI,Supervisor_9,1,0.6685561990767769,9,4,18,12,0.6744795705310889,6,2.0,4,0.5843810877011013,0
PRACT_0247,2022-05-31,Operaciones,Supervisor_7,0,0.9680566841360715,2,0,16,13,0.8229591933996329,3,4.4,0,0.8740458971649947,0
PRACT_0248,2022-03-18,Finanzas,Supervisor_5,1,0.800594554194991,11,5,9,6,0.6993353163460194,3,2.5,2,0.823496891608448,-1
PRACT_0249,2021-05-23,Finanzas,Supervisor_10,1,0.7201056005446568,6,1,16,7,0.4728658709874367,9,1.8,4,0.607704126588391,0
PRACT_0250,2024-04-29,Marketing,Supervisor_10,1,0.7669967658212676,7,4,18,11,0.6469084926387293,7,2.8,1,0.8528217617115075,0
PRACT_0251,2022-06-17,TI,Supervisor_10,0,0.9765270524116957,4,0,11,9,0.8636221484816634,2,3.9,0,0.8109915749300133,0
PRACT_0252,2021-08-15,Operaciones,Supervisor_6,0,0.935626144879296,3,1,18,17,0.9958841027355199,1,3.8,0,0.988191324251787,0
PRACT_0253,2024-08-29,TI,Supervisor_3,1,0.5959291184743485,6,4,18,11,0.6211945821439291,7,2.1,5,0.724298831149506,-1
PRACT_0254,2023-08-07,RRHH,Supervisor_5,0,0.9801164067175159,4,1,19,15,0.8008254309349209,4,4.6,0,0.9317555356975409,1
PRACT_0255,2024-08-18,TI,Supervisor_8,0,0.9377178791784244,2,2,12,11,0.9713306031612624,1,4.9,0,0.8735379045072706,0
PRACT_0256,2022-04-05,TI,Supervisor_1,0,0.9903336006522705,1,2,11,9,0.8477429367870127,2,4.7,1,0.9563988571022121,1
PRACT_0257,2024-11-25,Finanzas,Supervisor_1,1,0.5243917438555419,15,4,7,4,0.6230137494926847,3,2.9,3,0.5666265000337625,0
PRACT_0258,2022-07-05,Operaciones,Supervisor_7,0,0.9058217512075339,2,2,20,16,0.8154971594900984,4,3.7,0,0.8097823650556975,0
PRACT_0259,2022-01-28,TI,Supervisor_5,0,0.9927004160101408,2,1,11,9,0.8880012637198705,2,3.6,1,0.8791033886215115,1
PRACT_0260,2023-04-25,Finanzas,Supervisor_5,0,0.9648454914181435,1,2,15,12,0.8371208127910866,3,4.3,1,0.9707391427962079,1
PRACT_0261,2024-05-15,Marketing,Supervisor_1,0,0.9379599356448333,4,2,8,7,0.9035814321280572,1,3.9,0,0.9509853673275389,0
PRACT_0262,2021-07-29,Finanzas,Supervisor_9,1,0.764271145185664,5,6,17,7,0.4280295600527498,10,2.7,2,0.7068623881955832,0
PRACT_0263,2024-02-13,Finanzas,Supervisor_1,0,0.9672326809993641,4,2,18,17,0.9831781269473406,1,4.5,1,0.9144275494330707,0
PRACT_0264,2022-10-08,Finanzas,Supervisor_5,0,0.9531201046819596,1,1,16,13,0.8257874610839635,3,5.0,1,0.8259785652597511,1
PRACT_0265,2024-06-28,TI,Supervisor_10,1,0.5346056699319279,13,6,5,2,0.47838620810105137,3,1.9,4,0.8362726034470329,0
PRACT_0266,2021-08-07,TI,Supervisor_9,0,0.9812179587292752,0,0,18,17,0.9849225064665944,1,4.2,1,0.9573919365928394,0
PRACT_0267,2022-02-11,Marketing,Supervisor_4,0,0.9866023190680625,0,0,11,9,0.834677856168266,2,4.3,1,0.9312940787773886,1
PRACT_0268,2024-10-09,RRHH,Supervisor_8,0,0.9172168688552649,3,1,15,12,0.8544892882217664,3,3.9,1,0.8932382072657877,1
PRACT_0269,2023-06-07,RRHH,Supervisor_6,0,0.9850511651977066,1,1,16,13,0.8272272880701023,3,4.4,0,0.9928918536559025,0
PRACT_0270,2022-07-12,RRHH,Supervisor_3,0,0.9877847311016564,3,0,10,9,0.9986745576320349,1,4.2,1,0.9758063943752943,0
PRACT_0271,2022-07-04,Marketing,Supervisor_4,1,0.6923000143009805,13,4,17,6,0.4059196287005216,11,2.2,3,0.7577721974058474,-1
PRACT_0272,2021-05-22,RRHH,Supervisor_2,1,0.7296626626779404,8,3,18,10,0.6083067666985813,8,2.0,1,0.6487203990869151,-1
PRACT_0273,2022-09-04,RRHH,Supervisor_1,1,0.633783062005072,12,3,6,3,0.653474225505476,3,1.5,2,0.7472089114726049,0
PRACT_0274,2022-05-16,Finanzas,Supervisor_8,1,0.5986270766282431,8,7,10,6,0.6035390647231482,4,2.3,1,0.7301763706122661,0
PRACT_0275,2023-04-20,TI,Supervisor_1,0,0.9721983146951645,1,1,8,7,0.9409940667614412,1,4.0,0,0.8788483975669833,1
PRACT_0276,2022-12-03,TI,Supervisor_1,0,0.9861875149015809,2,0,19,18,0.9827629596672425,1,3.5,1,0.8613347943376153,1
PRACT_0277,2022-08-19,Finanzas,Supervisor_4,0,0.9654077552955748,3,2,15,12,0.8315653962599597,3,4.0,0,0.8814021584474645,0
PRACT_0278,2021-10-08,Finanzas,Supervisor_10,0,0.951159061064655,3,0,15,12,0.8619517126517242,3,3.9,1,0.9147822812066796,0
PRACT_0279,2022-02-28,Finanzas,Supervisor_10,0,0.9158924766844172,0,0,8,7,0.9796235167207122,1,4.1,1,0.8856269689422189,1
PRACT_0280,2023-05-06,TI,Supervisor_6,0,0.9053458712604818,0,1,9,8,0.8906029500760377,1,3.7,0,0.8527148976402767,1
PRACT_0281,2021-09-27,RRHH,Supervisor_9,1,0.6559921265863613,12,3,19,10,0.526646549478244,9,2.3,3,0.8043853271043235,-1
PRACT_0282,2021-06-03,Finanzas,Supervisor_1,0,0.9049349563697422,0,0,12,10,0.8515480122623038,2,4.5,0,0.9062934991914826,1
PRACT_0283,2022-09-06,Marketing,Supervisor_7,0,0.9569334631907225,4,1,14,11,0.8492198245152632,3,4.4,0,0.8135350326451201,1
PRACT_0284,2022-10-24,Finanzas,Supervisor_10,0,0.9382729191317771,3,1,6,5,0.8641528828043401,1,4.7,1,0.8736633011252252,1
PRACT_0285,2021-03-24,Operaciones,Supervisor_5,0,0.9757189119681969,0,1,19,16,0.8745740661361722,3,4.2,0,0.9769826914423987,0
PRACT_0286,2023-08-05,Finanzas,Supervisor_8,0,0.9305648496836184,1,2,7,5,0.8316265291438729,2,4.3,0,0.9510473062399905,1
PRACT_0287,2023-06-18,TI,Supervisor_7,0,0.9592982700967432,4,2,16,14,0.8802671886198852,2,4.7,1,0.8646493567888014,1
PRACT_0288,2024-12-20,Finanzas,Supervisor_4,0,0.95376835217551,2,1,13,12,0.9834043423761113,1,4.1,1,0.9876366304089018,1
PRACT_0289,2024-07-22,Operaciones,Supervisor_4,0,0.9004712425522241,3,2,17,16,0.9615005050227646,1,4.6,1,0.8153205816716421,1
PRACT_0290,2021-10-11,Marketing,Supervisor_6,0,0.907238939826431,3,2,16,13,0.8283657657375351,3,4.2,1,0.9922469407784378,1
PRACT_0291,2023-09-07,RRHH,Supervisor_6,0,0.9290368212486021,1,0,12,9,0.8206586935105287,3,4.1,1,0.8491410184969351,1
PRACT_0292,2021-06-22,Finanzas,Supervisor_9,0,0.9882235081020765,2,1,15,12,0.8214313393853847,3,4.6,1,0.8018188360604839,0
PRACT_0293,2024-09-12,Operaciones,Supervisor_5,1,0.5514552342149225,15,6,9,4,0.5287293350456769,5,1.8,5,0.6735232146073307,-1
PRACT_0294,2023-12-23,Operaciones,Supervisor_8,0,0.9710894330460542,4,2,11,9,0.8551371793805401,2,4.0,0,0.8717940859374018,1
PRACT_0295,2024-01-02,Marketing,Supervisor_5,0,0.9973366566152287,3,1,9,7,0.8823575478415514,2,3.8,1,0.9078178010413588,0
PRACT_0296,2023-02-02,TI,Supervisor_2,0,0.9790567552691155,0,1,16,15,0.9893582344563241,1,4.0,0,0.9593545721139691,0
PRACT_0297,2024-10-30,Finanzas,Supervisor_6,0,0.9242945361687044,1,1,9,8,0.9369607391291712,1,3.8,1,0.9684861604300894,1
PRACT_0298,2022-09-25,Operaciones,Supervisor_9,0,0.9908365260413081,1,2,19,18,0.9920025314505437,1,4.4,1,0.8802459999223384,0
PRACT_0299,2023-02-26,Marketing,Supervisor_3,0,0.909310715650839,1,2,17,14,0.8811775505209452,3,4.7,1,0.8859691487412701,1
PRACT_0300,2023-08-01,RRHH,Supervisor_1,0,0.9468141941870736,1,2,11,8,0.8009288966169978,3,4.7,1,0.8296355460658947,1
PRACT_0301,2023-10-09,Operaciones,Supervisor_1,0,0.9887541907726414,0,0,12,11,0.9972672124316173,1,4.0,0,0.8095095217762327,0
PRACT_0302,2022-02-02,Marketing,Supervisor_3,0,0.964126570925687,0,1,6,5,0.9877177716354593,1,5.0,0,0.9282429980470049,1
PRACT_0303,2024-02-18,TI,Supervisor_10,0,0.9413644564727699,4,0,13,11,0.9081945011828934,2,4.4,1,0.8128875251105385,1
PRACT_0304,2023-07-23,TI,Supervisor_5,0,0.9292812866737169,3,2,8,6,0.8160065139531874,2,4.1,0,0.9467660238842912,1
PRACT_0305,2022-11-07,Operaciones,Supervisor_3,0,0.937509940531835,0,0,9,8,0.9439978462065448,1,4.8,0,0.9078180290044495,1
PRACT_0306,2023-07-25,Operaciones,Supervisor_9,1,0.6781296233532501,7,6,14,7,0.5586057561036459,7,2.6,4,0.5794331912904334,0
PRACT_0307,2022-04-10,Finanzas,Supervisor_8,0,0.9319043929872808,3,1,13,10,0.8254697552751771,3,4.6,1,0.90790458870253,0
PRACT_0308,2021-10-13,Marketing,Supervisor_3,0,0.99689678620823,0,2,14,13,0.9739624731627846,1,3.8,0,0.8365995433204199,0
PRACT_0309,2021-09-22,Operaciones,Supervisor_9,0,0.9933077653066145,2,2,9,8,0.9583150192785983,1,4.2,0,0.8877474415020824,0
PRACT_0310,2021-11-16,Finanzas,Supervisor_6,0,0.987067146821432,4,0,17,16,0.9919668762797753,1,4.8,1,0.9599120632484458,1
PRACT_0311,2022-11-04,Finanzas,Supervisor_7,0,0.9421829835522654,0,2,10,9,0.9642284182994421,1,4.3,1,0.8923838586821276,1
PRACT_0312,2024-10-31,Operaciones,Supervisor_4,0,0.9691301769335229,0,0,14,13,0.9695222748431298,1,4.5,0,0.8297398636595097,1
PRACT_0313,2023-03-31,TI,Supervisor_4,0,0.9902829307035965,2,1,13,11,0.8526885518793619,2,4.4,1,0.944765736364589,1
PRACT_0314,2021-03-30,Marketing,Supervisor_2,1,0.7976503206876248,5,6,13,5,0.4218046946769445,8,2.8,4,0.5747073665080036,-1
PRACT_0315,2024-05-11,Marketing,Supervisor_5,1,0.6450144549070727,14,2,15,10,0.6729865189817827,5,1.9,2,0.7954199497480439,-1
PRACT_0316,2023-04-01,TI,Supervisor_8,0,0.9112386049322261,0,1,6,4,0.814162940277153,2,4.4,0,0.8958704578431667,1
PRACT_0317,2023-09-28,Operaciones,Supervisor_7,0,0.9075630363834549,3,1,12,11,0.9410868370189103,1,3.7,0,0.8907483518188604,1
PRACT_0318,2021-11-30,Marketing,Supervisor_7,0,0.9577064045225703,2,0,20,19,0.9709833917119542,1,4.5,1,0.970287007571495,1
PRACT_0319,2021-08-10,Operaciones,Supervisor_6,0,0.9642627935210932,3,1,17,14,0.8593019000284262,3,4.6,0,0.9417207048681338,0
PRACT_0320,2021-02-10,Operaciones,Supervisor_3,0,0.9849842604597024,4,0,10,8,0.812089384597054,2,3.6,1,0.8065821593909879,1
PRACT_0321,2021-03-09,Finanzas,Supervisor_5,0,0.9292515020341031,3,1,16,12,0.8052513637619813,4,4.5,0,0.8592348629203205,1
PRACT_0322,2023-09-15,TI,Supervisor_1,0,0.9167470490550043,1,0,19,16,0.8895782689688927,3,4.1,0,0.9741841321699798,1
PRACT_0323,2022-05-29,Operaciones,Supervisor_7,0,0.93790058331782,1,0,7,5,0.8505190186238267,2,3.7,0,0.8036652337090398,0
PRACT_0324,2024-02-25,RRHH,Supervisor_9,0,0.9353575123632275,3,0,5,4,0.8677359208914062,1,4.1,1,0.9090506892523941,1
PRACT_0325,2024-07-02,TI,Supervisor_1,1,0.5463641339062492,12,7,5,3,0.6874261562762268,2,1.8,1,0.7911302676695775,0
PRACT_0326,2022-11-26,Marketing,Supervisor_2,0,0.9672282652513152,4,0,9,8,0.9753695548308224,1,4.1,1,0.9243712170969152,1
PRACT_0327,2023-11-06,Finanzas,Supervisor_3,0,0.9508691940729376,0,0,20,17,0.8584948066447116,3,4.1,1,0.9521064404208873,0
PRACT_0328,2022-04-22,Marketing,Supervisor_3,0,0.9721122756114766,1,1,16,15,0.9702183764464289,1,4.6,1,0.9451383697829492,0
PRACT_0329,2023-12-22,Marketing,Supervisor_8,0,0.9352691120169735,3,0,20,16,0.8417680832845584,4,4.7,1,0.9384061390306226,1
PRACT_0330,2023-05-31,TI,Supervisor_7,0,0.9325702211577702,3,0,11,10,0.9247015619912444,1,4.4,0,0.9643079721851304,0
PRACT_0331,2022-03-08,Marketing,Supervisor_6,0,0.9472575853043855,3,2,9,8,0.8916165379351462,1,3.5,1,0.9291381336899077,1
PRACT_0332,2021-09-25,Operaciones,Supervisor_10,0,0.9877407345395147,0,1,15,13,0.8906599477293086,2,4.9,1,0.8804836988513964,0
PRACT_0333,2023-11-25,Marketing,Supervisor_10,0,0.904028130673398,2,2,7,6,0.9220823721521142,1,4.5,0,0.8943818219829175,0
PRACT_0334,2023-02-18,Finanzas,Supervisor_4,0,0.9804832817296472,4,2,15,13,0.8792048692604693,2,3.6,1,0.9433449565362901,1
PRACT_0335,2022-05-09,Finanzas,Supervisor_9,0,0.9368987612657756,2,2,20,18,0.9357563388473694,2,4.7,0,0.9752612059333587,1
PRACT_0336,2022-10-23,RRHH,Supervisor_1,0,0.9854619025788478,4,0,14,11,0.8319881604733858,3,3.8,0,0.8544437601679552,1
PRACT_0337,2024-09-10,Finanzas,Supervisor_2,1,0.7807710530925498,14,7,19,11,0.5922750323932227,8,2.4,3,0.6368307183884283,0
PRACT_0338,2024-08-20,Marketing,Supervisor_4,0,0.9348761247396089,3,2,7,6,0.9300731120990892,1,4.2,1,0.9861478792724825,0
PRACT_0339,2024-07-23,Finanzas,Supervisor_3,0,0.9693876535321616,0,1,14,13,0.945321604236255,1,4.1,0,0.9157023584818891,1
PRACT_0340,2023-10-10,TI,Supervisor_1,0,0.915963275677344,4,1,18,16,0.9019748112612805,2,4.8,0,0.8357923634270003,0
PRACT_0341,2024-05-09,Finanzas,Supervisor_5,0,0.9896281552163788,1,1,15,13,0.8808749399141641,2,4.2,0,0.9327390277824765,1
PRACT_0342,2024-09-09,Operaciones,Supervisor_7,0,0.940449106445191,4,1,8,6,0.8247761130591125,2,3.6,1,0.998152431107876,0
PRACT_0343,2023-11-25,TI,Supervisor_2,0,0.94556256153552,4,2,10,9,0.9149821176414212,1,4.9,0,0.96469071289408,0
PRACT_0344,2023-09-04,RRHH,Supervisor_5,0,0.9705759051036985,3,1,10,9,0.9585987302785023,1,4.9,0,0.9491482273102806,0
PRACT_0345,2022-04-27,Operaciones,Supervisor_6,0,0.9820840236704851,1,0,6,4,0.8250762457352961,2,4.5,0,0.8416093308532538,0
PRACT_0346,2022-12-29,Marketing,Supervisor_7,0,0.923634274332821,1,2,7,6,0.9861124054071145,1,4.2,1,0.9752279569368014,1
PRACT_0347,2022-04-25,Marketing,Supervisor_1,0,0.9661350139876995,4,1,6,5,0.9348462899497064,1,3.6,0,0.9051577687071093,1
PRACT_0348,2023-12-25,Marketing,Supervisor_7,0,0.9391998043889148,1,2,7,6,0.9954483130000897,1,4.7,0,0.9778580044143912,1
PRACT_0349,2023-10-29,Operaciones,Supervisor_4,0,0.9368702924003961,1,1,10,9,0.9273915236041599,1,3.6,1,0.8659655658849759,1
PRACT_0350,2024-08-17,Operaciones,Supervisor_8,0,0.9690025823940654,3,2,10,8,0.8927561194721846,2,3.6,1,0.8124102105270866,0
PRACT_0351,2021-12-09,Operaciones,Supervisor_4,0,0.9387183274155935,2,1,19,16,0.8835835369662877,3,4.3,1,0.8951951937319492,0
PRACT_0352,2024-12-25,TI,Supervisor_6,1,0.6211379750575426,13,1,11,7,0.6873457971439777,4,1.7,3,0.6079350419271511,-1
PRACT_0353,2024-12-18,TI,Supervisor_9,0,0.9835888408126242,2,1,7,6,0.9840944601227777,1,3.5,0,0.9430458579552596,0
PRACT_0354,2021-11-28,Marketing,Supervisor_5,0,0.9101276123831007,1,2,8,6,0.837871245536133,2,4.1,0,0.9914213105712064,1
PRACT_0355,2022-03-14,Finanzas,Supervisor_4,0,0.9675892622830211,4,2,6,5,0.8882491752862355,1,3.7,1,0.9381948302303128,1
PRACT_0356,2021-06-23,Marketing,Supervisor_8,0,0.9248725393790624,0,0,17,16,0.9528440967684617,1,3.7,0,0.9773867859418407,0
PRACT_0357,2022-07-13,RRHH,Supervisor_9,0,0.9015498241826191,0,2,14,12,0.917247734405979,2,3.6,1,0.8906048027202413,0
PRACT_0358,2022-06-11,TI,Supervisor_4,0,0.9166764268872692,4,0,5,4,0.8103441765109307,1,3.8,0,0.9543281474390604,0
PRACT_0359,2022-10-21,Operaciones,Supervisor_3,1,0.7123315354215537,5,3,6,2,0.46045423762723253,4,2.6,1,0.8372173746686814,-1
PRACT_0360,2021-01-26,TI,Supervisor_8,0,0.9709127191485938,4,2,7,6,0.8577828631607624,1,4.7,0,0.9421751255167085,0
PRACT_0361,2023-03-31,Operaciones,Supervisor_5,0,0.902105778355632,0,0,7,5,0.8139345728847176,2,4.2,1,0.901555457213913,1
PRACT_0362,2022-08-28,RRHH,Supervisor_2,0,0.903642544330172,2,2,9,8,0.9224299643226781,1,4.3,1,0.9251732219230736,0
PRACT_0363,2022-02-10,RRHH,Supervisor_10,0,0.9902542114842953,0,2,18,17,0.9490904827014041,1,3.5,1,0.9401013991357761,1
PRACT_0364,2021-08-20,TI,Supervisor_9,0,0.907330581811372,3,0,10,8,0.848901499468885,2,3.6,1,0.8506168806442854,0
PRACT_0365,2022-06-17,Operaciones,Supervisor_3,1,0.8129637555157999,5,6,9,4,0.4974036869013403,5,1.9,5,0.823831704365994,-1
PRACT_0366,2022-05-20,RRHH,Supervisor_2,0,0.9228165913750906,4,0,7,6,0.9232958717082489,1,4.3,0,0.9900649077934547,1
PRACT_0367,2021-06-28,Marketing,Supervisor_1,1,0.7590062300553745,8,3,7,3,0.5035823483255715,4,2.6,3,0.6860957260719744,-1
PRACT_0368,2021-05-12,Marketing,Supervisor_8,1,0.6084066371311042,5,2,15,9,0.661910680457841,6,2.4,5,0.780426873243951,-1
PRACT_0369,2021-12-14,Operaciones,Supervisor_3,0,0.9858752025609184,0,1,8,6,0.8099580506375419,2,4.1,0,0.9474051811580708,1
PRACT_0370,2022-06-24,TI,Supervisor_7,0,0.9700454865424358,3,1,20,17,0.88137282150786,3,3.7,1,0.9324495095042961,0
PRACT_0371,2023-02-11,RRHH,Supervisor_1,0,0.9401813458601695,3,0,16,12,0.8057961180499953,4,4.7,1,0.9094230216657271,0
PRACT_0372,2024-11-30,TI,Supervisor_1,0,0.907630245417408,3,1,18,17,0.9594479150045601,1,4.0,0,0.9763295909149621,1
PRACT_0373,2021-03-17,Marketing,Supervisor_9,0,0.9732700183870807,4,1,7,6,0.9373912138455581,1,4.6,0,0.8897853418537789,1
PRACT_0374,2022-08-02,RRHH,Supervisor_8,0,0.9616884755965182,3,1,6,5,0.9517863897229363,1,4.3,0,0.8122205912973207,0
PRACT_0375,2023-05-04,TI,Supervisor_3,0,0.9002911717833789,4,2,5,4,0.88752312574767,1,4.6,0,0.968911275142432,0
PRACT_0376,2021-07-13,Finanzas,Supervisor_6,0,0.9009419855972446,2,0,14,11,0.8371906890782054,3,4.9,1,0.9347962544633102,1
PRACT_0377,2024-03-31,Operaciones,Supervisor_3,1,0.7830775406174428,13,4,8,5,0.6319828668000445,3,2.9,5,0.8397034505998586,-1
PRACT_0378,2021-12-13,Operaciones,Supervisor_4,0,0.9259399738801855,0,0,8,6,0.8535023714707733,2,4.3,0,0.8277094884889389,0
PRACT_0379,2023-08-09,Finanzas,Supervisor_1,1,0.7226467837048229,12,3,11,7,0.6686749569973544,4,2.3,5,0.5123011762038865,-1
PRACT_0380,2024-10-16,Marketing,Supervisor_5,0,0.9454214419765248,1,1,6,4,0.8153239627859298,2,3.9,1,0.9868749080765002,1
PRACT_0381,2024-01-16,RRHH,Supervisor_1,0,0.9863430014521767,2,2,12,11,0.9505860132009724,1,4.9,1,0.8295456611701149,0
PRACT_0382,2024-07-09,Operaciones,Supervisor_1,0,0.9916961113102488,3,2,14,13,0.9577901793082467,1,4.2,0,0.9619304664140904,1
PRACT_0383,2021-08-02,Finanzas,Supervisor_10,0,0.9996807712678855,3,1,15,14,0.975527774317555,1,3.7,0,0.9646419884361271,1
PRACT_0384,2022-07-27,Finanzas,Supervisor_7,1,0.5537894475325363,7,2,15,8,0.5361559767055157,7,2.1,3,0.7834820802196012,-1
PRACT_0385,2023-02-19,Marketing,Supervisor_6,0,0.9862964046475475,3,0,18,14,0.83085285421303,4,3.7,0,0.8262524422185742,1
PRACT_0386,2021-09-19,Marketing,Supervisor_2,1,0.5931074818550806,6,6,11,5,0.49826418128154787,6,2.3,5,0.7669594498243231,0
PRACT_0387,2022-12-31,TI,Supervisor_2,0,0.9590815874895507,4,2,7,5,0.8452887524207785,2,4.3,0,0.9778173166653732,0
PRACT_0388,2021-10-10,Operaciones,Supervisor_7,0,0.950577283386921,0,2,15,14,0.9978148930947409,1,4.0,1,0.8851063289601767,0
PRACT_0389,2024-11-04,TI,Supervisor_1,0,0.9017988131572388,2,1,9,7,0.8413805789701811,2,3.6,0,0.8827033708757198,1
PRACT_0390,2021-12-28,Finanzas,Supervisor_2,1,0.8264699479671331,5,1,18,10,0.5840171284190815,8,2.9,1,0.6771433238317677,-1
PRACT_0391,2022-03-17,RRHH,Supervisor_8,1,0.5274144693022265,7,4,8,3,0.49532815204748626,5,2.7,2,0.5329087562704826,-1
PRACT_0392,2021-04-03,RRHH,Supervisor_6,0,0.9688218919407736,4,2,6,4,0.8227109087686988,2,4.8,1,0.9784051138059947,1
PRACT_0393,2023-01-23,Marketing,Supervisor_2,0,0.9785006836208262,3,1,15,14,0.9671484490449306,1,4.1,0,0.973836572796102,1
PRACT_0394,2023-05-17,RRHH,Supervisor_7,0,0.9795287849047685,3,0,15,14,0.9525710955792743,1,4.6,1,0.9995818643580572,1
PRACT_0395,2024-12-18,RRHH,Supervisor_4,0,0.9135494518928845,3,0,14,13,0.9609065191486248,1,4.2,1,0.9170366282996827,1
PRACT_0396,2021-05-22,RRHH,Supervisor_2,1,0.6566494826777902,9,7,6,3,0.6556709574927733,3,1.8,1,0.8004766545805544,-1
PRACT_0397,2024-08-07,Finanzas,Supervisor_6,1,0.7903001046518929,9,7,9,5,0.5762074618656685,4,1.7,5,0.5810687625229218,-1
PRACT_0398,2024-12-26,RRHH,Supervisor_9,0,0.9302679210378755,4,0,16,14,0.9340370934822415,2,4.0,1,0.933505763644834,1
PRACT_0399,2023-01-19,RRHH,Supervisor_9,0,0.9467748675374663,0,0,9,7,0.841816968431746,2,3.7,0,0.9299465697514782,1
PRACT_0400,2022-10-15,RRHH,Supervisor_8,0,0.9272793892699845,4,0,7,6,0.9296995195094409,1,5.0,1,0.9802417471683225,1
PRACT_0401,2022-12-02,TI,Supervisor_3,0,0.9463551417885324,3,1,14,13,0.9915054455621694,1,3.6,0,0.9661585445678148,1
PRACT_0402,2023-09-25,Finanzas,Supervisor_3,1,0.810743272907508,14,7,12,5,0.4388209001795704,7,2.2,4,0.8753865850471052,-1
PRACT_0403,2021-02-18,Marketing,Supervisor_2,0,0.945512423103277,4,0,20,18,0.9380413330041604,2,4.2,0,0.9737666945403215,1
PRACT_0404,2024-08-18,TI,Supervisor_5,1,0.6945692059760121,6,7,12,6,0.5462321421279365,6,2.0,3,0.8474775579595408,-1
PRACT_0405,2023-05-31,Operaciones,Supervisor_4,0,0.9403976283303084,3,2,11,8,0.8145834023854012,3,4.4,0,0.8127446653377437,1
PRACT_0406,2024-04-28,Finanzas,Supervisor_7,1,0.6610410141211639,5,7,10,5,0.5788414185089604,5,1.7,2,0.8383847810783824,-1
PRACT_0407,2024-03-05,Finanzas,Supervisor_4,0,0.9015174199046422,0,0,13,11,0.8648055911267696,2,4.7,1,0.9214956789006237,0
PRACT_0408,2022-07-09,Operaciones,Supervisor_9,0,0.9283745509960456,1,1,6,4,0.8155295830706581,2,4.0,1,0.8760888903531923,1
PRACT_0409,2022-02-08,Operaciones,Supervisor_2,1,0.6528036026096385,10,1,6,3,0.651560472296121,3,2.4,3,0.522605849755225,0
PRACT_0410,2023-06-11,Operaciones,Supervisor_6,0,0.9633796975992729,0,2,14,12,0.8753639212295942,2,4.6,1,0.9355347549536094,1
PRACT_0411,2023-05-15,Marketing,Supervisor_7,0,0.9450051930553892,0,0,5,4,0.989300484280642,1,4.8,0,0.8656403501075235,1
PRACT_0412,2022-08-25,RRHH,Supervisor_4,1,0.6182359651625474,13,1,18,8,0.46935276494121825,10,2.8,2,0.6871105059944139,-1
PRACT_0413,2021-12-07,Finanzas,Supervisor_6,1,0.635834557370455,8,7,17,9,0.5836148864344459,8,2.4,4,0.7726913748220537,-1
PRACT_0414,2022-12-05,RRHH,Supervisor_7,0,0.9242293329200467,0,2,20,19,0.9721710056086897,1,4.1,1,0.9823549094048286,1
PRACT_0415,2021-11-14,RRHH,Supervisor_4,0,0.9924494282774052,2,0,9,8,0.8893198602697254,1,4.3,1,0.9650873831209997,0
PRACT_0416,2022-09-10,Operaciones,Supervisor_8,0,0.9521743225790915,4,0,10,8,0.8724585996632973,2,4.7,0,0.89011942582072,1
PRACT_0417,2024-10-18,Marketing,Supervisor_9,0,0.9013409453872123,0,0,10,8,0.815031713067617,2,4.8,0,0.8775566314892758,0
PRACT_0418,2022-01-17,TI,Supervisor_1,0,0.9019446258419547,0,0,19,15,0.8078487152081093,4,3.7,0,0.8479559477688096,0
PRACT_0419,2021-08-21,Marketing,Supervisor_7,0,0.9972961634952041,0,1,20,19,0.9675038630729548,1,4.1,0,0.8744853502351937,1
PRACT_0420,2024-09-29,RRHH,Supervisor_9,0,0.9221450891373245,2,0,15,14,0.9362275398144781,1,4.7,0,0.8222092774583797,1
PRACT_0421,2023-03-28,Marketing,Supervisor_10,0,0.9805608288814315,0,1,7,6,0.8783912280284305,1,4.1,0,0.994221101672951,1
PRACT_0422,2022-07-07,Operaciones,Supervisor_5,0,0.9058275301560574,0,2,11,9,0.8969556120180894,2,4.0,1,0.9147834887919158,1
PRACT_0423,2023-05-06,TI,Supervisor_2,0,0.9921162736694549,4,1,12,10,0.910729043599847,2,4.1,0,0.8255611685590426,1
PRACT_0424,2023-03-30,Operaciones,Supervisor_10,0,0.9874417003666678,2,2,9,8,0.9780628912427303,1,4.4,1,0.8705612018531812,1
PRACT_0425,2021-07-02,TI,Supervisor_6,0,0.9571093162434515,2,1,7,6,0.9207694730362543,1,5.0,1,0.9094078287241312,1
PRACT_0426,2023-12-01,RRHH,Supervisor_7,0,0.9008998657283256,0,2,9,7,0.8145364311681622,2,4.2,1,0.906577127328174,1
PRACT_0427,2022-02-01,TI,Supervisor_2,0,0.9257810874023338,2,0,7,6,0.9847654412729305,1,3.8,1,0.8071006737437265,1
PRACT_0428,2023-02-18,TI,Supervisor_2,1,0.6423879265894628,11,6,11,6,0.584213082091769,5,1.7,5,0.8803364136916445,-1
PRACT_0429,2023-06-26,TI,Supervisor_10,0,0.9460064116747562,1,1,8,6,0.8118006667998201,2,3.6,0,0.855075136294989,1
PRACT_0430,2024-09-18,Marketing,Supervisor_10,0,0.9297678758562372,2,2,9,8,0.9186542185975984,1,4.3,1,0.8032369337863783,0
PRACT_0431,2021-05-07,Marketing,Supervisor_1,0,0.903294786824553,2,2,14,11,0.8513040854651617,3,4.3,0,0.8152888017900566,1
PRACT_0432,2021-01-01,RRHH,Supervisor_4,0,0.9590127405926542,2,1,10,9,0.9177589058360459,1,3.8,0,0.9160389806495954,0
PRACT_0433,2024-04-06,TI,Supervisor_7,0,0.9524154667694756,3,2,16,15,0.9704021698976752,1,4.5,1,0.8275571041350194,0
PRACT_0434,2021-01-19,Finanzas,Supervisor_9,0,0.9283000635429078,3,0,12,11,0.9611369577753784,1,4.6,1,0.8083449585707007,0
PRACT_0435,2024-09-17,RRHH,Supervisor_3,0,0.9037975967569607,3,1,19,17,0.8959061105442578,2,3.9,0,0.8759252932825423,1
PRACT_0436,2022-08-07,TI,Supervisor_7,0,0.999459418722194,2,0,17,15,0.9359016045473111,2,4.0,1,0.9245522384680377,0
PRACT_0437,2022-04-01,TI,Supervisor_7,0,0.9481986186826405,1,1,12,10,0.9005133953578796,2,5.0,1,0.8223679609683225,1
PRACT_0438,2023-08-15,Marketing,Supervisor_7,1,0.764601484620927,15,5,17,7,0.4391360461532083,10,2.1,5,0.6253311328605262,0
PRACT_0439,2024-02-07,RRHH,Supervisor_2,0,0.9452314035051336,0,1,16,15,0.9950876579707142,1,4.6,1,0.8835521343249084,1
PRACT_0440,2024-07-15,TI,Supervisor_6,0,0.9043170290862942,1,2,5,4,0.802518522533499,1,4.2,1,0.8318920195573535,1
PRACT_0441,2022-03-21,TI,Supervisor_2,0,0.93096007450855,3,1,17,16,0.9867636033614564,1,4.7,1,0.9012147796933421,1
PRACT_0442,2024-06-17,RRHH,Supervisor_6,1,0.6120385493520654,12,4,19,9,0.5055480691260434,10,2.7,5,0.5340856347607084,0
PRACT_0443,2024-08-17,Finanzas,Supervisor_10,0,0.9838352904049016,4,0,8,7,0.9436545664323654,1,4.5,0,0.8093036992690138,1
PRACT_0444,2022-08-25,RRHH,Supervisor_3,0,0.9654229977999874,1,1,11,9,0.9018004367073477,2,4.8,1,0.903967073431027,1
PRACT_0445,2021-04-13,RRHH,Supervisor_2,1,0.5964004662738155,8,4,7,3,0.5564465865117668,4,2.9,4,0.5991587891003503,-1
PRACT_0446,2023-09-15,Finanzas,Supervisor_6,1,0.8387089841306801,14,5,12,7,0.5905073698424829,5,2.4,2,0.538149523159211,-1
PRACT_0447,2024-06-27,RRHH,Supervisor_2,1,0.612539641339255,14,1,17,7,0.43832282906280673,10,1.9,1,0.6695650349950529,-1
PRACT_0448,2022-06-04,TI,Supervisor_5,0,0.9998234025828721,2,0,14,13,0.9364958132473724,1,4.1,1,0.9830281479034789,1
PRACT_0449,2024-03-22,RRHH,Supervisor_2,0,0.9996163693170264,0,2,5,4,0.9099816774254323,1,4.6,1,0.944838489330831,0
PRACT_0450,2023-05-09,Finanzas,Supervisor_3,0,0.9191210517746742,4,1,10,8,0.8150544482007208,2,4.5,0,0.9631231830694056,0
PRACT_0451,2021-06-23,Operaciones,Supervisor_3,0,0.93127411161884,3,0,13,11,0.8933430644807805,2,3.8,0,0.9743827977517273,1
PRACT_0452,2024-09-28,RRHH,Supervisor_6,0,0.9486044198484654,1,2,5,4,0.8970506509186454,1,3.6,0,0.9945255482792839,1
PRACT_0453,2023-10-02,Marketing,Supervisor_6,0,0.966410067114789,4,0,7,6,0.8758423812471269,1,4.5,0,0.9526493147028346,1
PRACT_0454,2022-03-07,TI,Supervisor_10,1,0.6848166071513297,6,4,20,10,0.500642983168261,10,1.9,4,0.7433631687757919,-1
PRACT_0455,2022-12-28,TI,Supervisor_3,0,0.9969441469132256,0,1,5,4,0.8514011286948555,1,4.2,1,0.8730851760604494,1
PRACT_0456,2023-04-30,Marketing,Supervisor_3,0,0.9723989164235691,4,2,13,11,0.8542537172966354,2,4.6,1,0.8363286473115432,0
PRACT_0457,2024-09-09,Marketing,Supervisor_1,0,0.9212044849382974,3,0,16,13,0.8459174617785032,3,4.3,1,0.9373319747966589,1
PRACT_0458,2023-09-17,RRHH,Supervisor_7,0,0.9105097550213639,1,0,7,5,0.8222628642955101,2,3.6,0,0.9989899972243883,0
PRACT_0459,2022-10-01,Marketing,Supervisor_8,0,0.9688401290709356,0,0,10,8,0.813510576595507,2,3.8,0,0.8934717369237838,0
PRACT_0460,2022-02-24,Operaciones,Supervisor_2,0,0.9158452440180763,4,1,15,14,0.9937227630691858,1,3.8,1,0.9447358736185616,1
PRACT_0461,2022-08-17,Finanzas,Supervisor_4,0,0.9787676840335754,1,2,18,16,0.923829427209838,2,3.9,1,0.8990184899986312,0
PRACT_0462,2022-04-30,Marketing,Supervisor_10,0,0.9311036667260337,1,2,17,14,0.8667429696951586,3,4.3,1,0.8863866846726953,0
PRACT_0463,2022-02-16,Marketing,Supervisor_7,0,0.9326893263055607,3,2,12,9,0.8078301088554156,3,4.3,0,0.882061122711983,1
PRACT_0464,2023-07-25,Operaciones,Supervisor_8,0,0.9010798392389512,0,0,11,8,0.8105945812092202,3,3.8,0,0.9009249365863395,0
PRACT_0465,2024-01-13,TI,Supervisor_1,1,0.7453539434832642,7,7,18,10,0.602206898318078,8,1.6,3,0.6467582647461501,-1
PRACT_0466,2024-02-11,TI,Supervisor_4,0,0.9113269753064686,1,0,13,10,0.8181170715092204,3,3.8,1,0.9497546643643615,0
PRACT_0467,2021-11-28,RRHH,Supervisor_6,0,0.9772880577463519,4,1,19,17,0.9021426573890062,2,5.0,1,0.9748544053183034,0
PRACT_0468,2024-11-02,Operaciones,Supervisor_3,1,0.6721537376710224,8,3,5,2,0.43135226879281724,3,2.2,3,0.8531541226580737,-1
PRACT_0469,2022-10-17,Finanzas,Supervisor_5,0,0.978427981495457,1,0,5,4,0.8018219887764404,1,4.8,1,0.8455397426851652,1
PRACT_0470,2021-02-10,Finanzas,Supervisor_10,1,0.7043742887192095,6,7,19,11,0.6003580666719042,8,2.8,5,0.8583636554925964,-1
PRACT_0471,2023-08-17,Operaciones,Supervisor_9,0,0.908243327201899,1,2,5,4,0.8425249498727014,1,4.3,1,0.868310246371021,1
PRACT_0472,2021-04-15,Finanzas,Supervisor_3,1,0.767978317846814,11,6,9,5,0.5605221249337644,4,2.6,5,0.6237230661941191,-1
PRACT_0473,2021-07-21,TI,Supervisor_5,0,0.9069799484894749,2,2,20,18,0.938736762994241,2,3.8,0,0.9453512114796472,1
PRACT_0474,2022-03-26,Finanzas,Supervisor_8,1,0.6675456021992663,6,6,10,4,0.4943638292810073,6,2.5,4,0.6218785360345158,-1
PRACT_0475,2024-07-13,Finanzas,Supervisor_6,0,0.9172349214144964,0,2,18,17,0.9913455255828926,1,3.9,0,0.8105932811219421,1
PRACT_0476,2023-06-29,Operaciones,Supervisor_4,1,0.7633173122922597,9,3,11,7,0.6470359161277961,4,2.7,1,0.6494471089241232,-1
PRACT_0477,2021-07-29,Operaciones,Supervisor_8,0,0.9911591227806127,1,2,16,14,0.9265456772015133,2,3.6,0,0.9442931200716698,1
PRACT_0478,2022-07-17,Finanzas,Supervisor_3,0,0.9554126163358274,2,2,19,18,0.952678135688272,1,4.7,0,0.8653916840540353,0
PRACT_0479,2024-02-16,Marketing,Supervisor_3,1,0.6845015530047132,11,4,11,6,0.6221359367150769,5,1.6,1,0.7518236223980586,-1
PRACT_0480,2022-12-14,Operaciones,Supervisor_4,0,0.9763963196325618,4,2,17,14,0.8742833823986464,3,4.8,1,0.9320238888526261,1
PRACT_0481,2024-11-01,RRHH,Supervisor_9,0,0.9005078812975728,3,2,5,4,0.8337207322765086,1,4.0,1,0.9467472023452712,0
PRACT_0482,2023-02-10,RRHH,Supervisor_5,0,0.991775864263516,1,1,19,17,0.9221285501843289,2,4.5,1,0.9794260932621873,0
PRACT_0483,2024-01-13,TI,Supervisor_8,0,0.9197448817091132,4,1,12,10,0.9139650954664268,2,4.2,1,0.8865128998536863,0
PRACT_0484,2022-03-30,Finanzas,Supervisor_6,0,0.9984118883826237,3,0,14,11,0.8155344826545677,3,4.0,0,0.8332864153324915,1
PRACT_0485,2022-10-29,Marketing,Supervisor_3,0,0.9736253947960463,2,2,9,8,0.99214802191725,1,4.5,1,0.8637851430863779,0
PRACT_0486,2022-09-21,TI,Supervisor_8,1,0.7709879016952348,13,2,19,9,0.4989136526242611,10,2.9,1,0.6728669020695943,-1
PRACT_0487,2022-01-22,Finanzas,Supervisor_9,0,0.9656202980373607,1,2,12,11,0.976944900662913,1,3.6,1,0.9427782938656226,1
PRACT_0488,2024-10-05,Operaciones,Supervisor_8,0,0.947166318278516,0,2,11,10,0.9202942201762415,1,4.9,1,0.8026244251123268,1
PRACT_0489,2021-10-23,RRHH,Supervisor_4,1,0.7000696926764078,15,2,15,10,0.6834895626958413,5,2.4,5,0.6263141533759515,-1
PRACT_0490,2021-09-15,Marketing,Supervisor_6,1,0.516241010105294,9,7,20,10,0.5463440445422797,10,2.7,4,0.8119370324077267,-1
PRACT_0491,2024-01-10,RRHH,Supervisor_1,0,0.9623959509432014,2,1,19,17,0.94572846474338,2,4.1,1,0.934171540666139,1
PRACT_0492,2021-09-25,Operaciones,Supervisor_4,0,0.9626098101987047,2,1,8,7,0.8835712373044263,1,4.2,1,0.946347994717121,1
PRACT_0493,2022-02-23,Finanzas,Supervisor_8,0,0.9891200797401809,1,0,11,9,0.8427791472749584,2,4.8,1,0.962362153887839,1
PRACT_0494,2021-08-23,Operaciones,Supervisor_1,0,0.950565635743022,3,0,20,19,0.9528025251331441,1,4.1,1,0.9566471437755925,1
PRACT_0495,2024-08-27,Operaciones,Supervisor_3,0,0.9077144374086061,0,0,13,11,0.8677966178676342,2,4.3,1,0.9364366332305556,0
PRACT_0496,2023-09-13,RRHH,Supervisor_1,0,0.9306195920482081,0,0,18,14,0.8022865353344408,4,3.5,1,0.8879323064741181,0
PRACT_0497,2024-10-12,Marketing,Supervisor_9,0,0.9655629412114317,4,2,15,13,0.8808389759217763,2,3.7,0,0.9967196657756308,1
PRACT_0498,2024-05-21,Operaciones,Supervisor_2,0,0.9239258862751464,4,2,17,16,0.9976779757279726,1,4.5,1,0.9138146391180147,1
PRACT_0499,2022-07-28,RRHH,Supervisor_9,1,0.5981847376493903,6,5,14,6,0.46294797492716844,8,2.6,4,0.5811076837475356,-1
PRACT_0500,2021-02-18,Marketing,Supervisor_4,1,0.7871641557262987,7,6,12,8,0.6673688323094402,4,2.4,2,0.6171251420419137,0
PRACT_0501,2024-02-25,Finanzas,Supervisor_2,0,0.9584319731762709,0,1,5,4,0.899224338828289,1,3.7,1,0.9387124911940941,1
PRACT_0502,2021-08-11,Finanzas,Supervisor_4,0,0.9508527431773572,1,1,7,5,0.8191337420856426,2,4.2,0,0.9849479130398927,0
PRACT_0503,2023-07-10,TI,Supervisor_10,0,0.9318451966805804,4,1,12,10,0.8411449655059333,2,4.0,1,0.8357440258411796,0
PRACT_0504,2024-07-26,RRHH,Supervisor_6,1,0.7558248125765616,9,3,15,8,0.5768516152526276,7,2.2,2,0.5329385982983146,-1
PRACT_0505,2024-12-02,Marketing,Supervisor_7,0,0.928771843449003,0,1,19,16,0.8578012669468927,3,4.8,0,0.9763062096084012,0
PRACT_0506,2024-08-10,Operaciones,Supervisor_3,0,0.9737063517644176,4,1,10,9,0.9820822179156232,1,4.7,0,0.9830555957825668,0
PRACT_0507,2021-10-04,Finanzas,Supervisor_3,1,0.5245355180936047,10,4,6,3,0.6666360300148652,3,1.6,4,0.6105517381263598,0
PRACT_0508,2024-02-05,Marketing,Supervisor_10,1,0.8025894695537292,9,5,20,13,0.6876071961735266,7,2.8,3,0.650914289748496,-1
PRACT_0509,2022-02-24,RRHH,Supervisor_8,1,0.6748482621815765,7,6,8,4,0.6008442239157794,4,2.2,4,0.7640751989991434,-1
PRACT_0510,2022-09-03,TI,Supervisor_5,0,0.943850801669897,4,2,14,12,0.9228962016405965,2,4.6,0,0.865986004168495,0
PRACT_0511,2024-12-23,Finanzas,Supervisor_4,0,0.9611023411541925,3,1,14,13,0.9759596114623839,1,3.7,0,0.9754317416540106,1
PRACT_0512,2022-01-10,Marketing,Supervisor_7,0,0.962419207289627,1,1,18,15,0.862775874696753,3,4.5,0,0.8215157405427725,1
PRACT_0513,2021-03-14,Marketing,Supervisor_7,1,0.5462123119114984,9,4,9,4,0.5385998522092624,5,1.9,4,0.5151928883840781,0
PRACT_0514,2023-11-20,Marketing,Supervisor_9,1,0.7646817564356746,10,7,9,4,0.5258964234577015,5,2.2,5,0.5833944826971158,0
PRACT_0515,2024-04-26,RRHH,Supervisor_9,0,0.9275928297950063,1,0,17,15,0.8920853644733203,2,3.5,0,0.8572175556409938,1
PRACT_0516,2024-10-19,RRHH,Supervisor_5,0,0.9904961880169914,4,2,11,10,0.9940114720076139,1,3.7,1,0.822585318257775,0
PRACT_0517,2021-07-14,RRHH,Supervisor_8,0,0.9817850663414832,0,0,13,12,0.993219412817582,1,3.6,0,0.8131380858681294,0
PRACT_0518,2024-03-25,Operaciones,Supervisor_10,1,0.621193114537162,8,2,9,3,0.4420970559303478,6,1.9,2,0.8022430854007193,-1
PRACT_0519,2024-04-10,Marketing,Supervisor_1,1,0.7827087526202501,13,1,12,7,0.5924382556996659,5,1.7,3,0.565710626360903,0
PRACT_0520,2023-04-27,Finanzas,Supervisor_9,0,0.9356390499299905,2,0,12,11,0.9580148253926549,1,4.5,1,0.9827844398132608,0
PRACT_0521,2023-12-01,RRHH,Supervisor_8,0,0.9100947681636041,3,0,18,16,0.9156615258941161,2,3.5,0,0.8735999322896193,0
PRACT_0522,2023-12-23,RRHH,Supervisor_6,0,0.9961888238725708,1,1,11,10,0.9824128905752778,1,4.4,1,0.9341211619442691,1
PRACT_0523,2021-01-23,Marketing,Supervisor_3,1,0.728410705325404,12,4,9,3,0.414717510222593,6,1.7,5,0.59016084590752,-1
PRACT_0524,2021-12-26,RRHH,Supervisor_3,1,0.6596348343319071,10,1,5,3,0.6956900860263111,2,2.9,2,0.5961291073967467,-1
PRACT_0525,2024-01-04,Operaciones,Supervisor_8,1,0.6392206730358638,7,5,6,2,0.42742431303090733,4,2.9,4,0.7298836811470302,-1
PRACT_0526,2022-07-14,Operaciones,Supervisor_5,0,0.9324705334258264,1,1,5,4,0.8685197542436239,1,3.8,0,0.9121285850291972,1
PRACT_0527,2022-11-03,RRHH,Supervisor_10,0,0.9981447595429129,1,2,16,15,0.9661674502318306,1,4.4,1,0.9537458456024163,1
PRACT_0528,2024-02-16,Marketing,Supervisor_7,0,0.9134747265130908,0,2,12,10,0.9000989790153228,2,3.5,1,0.9515626611388532,0
PRACT_0529,2024-11-04,Marketing,Supervisor_5,0,0.9314805058920569,4,2,11,9,0.8400032522531653,2,4.9,0,0.9341375529327323,1
PRACT_0530,2022-11-10,Marketing,Supervisor_8,1,0.6699241740989322,5,6,17,10,0.5979194596782271,7,2.3,5,0.6796522263573964,0
PRACT_0531,2024-08-06,TI,Supervisor_10,1,0.667299840769009,10,6,9,5,0.6537600718614505,4,1.6,1,0.8562561545122469,-1
PRACT_0532,2022-03-16,RRHH,Supervisor_10,1,0.6649782695427452,9,4,5,2,0.5985753190473779,3,2.0,1,0.7490313960885195,-1
PRACT_0533,2023-07-22,Marketing,Supervisor_4,1,0.5615243355406336,13,3,15,6,0.4201202954620867,9,1.6,3,0.8960793961849429,-1
PRACT_0534,2021-01-07,Operaciones,Supervisor_2,0,0.91449325271095,4,0,5,4,0.8311837019325654,1,4.1,0,0.9638739635868717,0
PRACT_0535,2024-05-04,Finanzas,Supervisor_3,0,0.925476758632862,3,2,16,12,0.8011326001051594,4,4.5,0,0.8088619622476653,1
PRACT_0536,2022-02-25,Finanzas,Supervisor_8,1,0.8200841538307195,11,2,16,7,0.4582161640736815,9,2.2,2,0.6282375628321271,-1
PRACT_0537,2023-04-13,Marketing,Supervisor_7,1,0.5395685387420786,6,1,11,7,0.6725390542781181,4,2.1,1,0.7287502865883807,0
PRACT_0538,2024-05-01,Finanzas,Supervisor_2,0,0.9757425103373325,4,0,7,5,0.8505359255478698,2,3.7,0,0.9442939075742974,1
PRACT_0539,2022-07-13,Finanzas,Supervisor_6,0,0.9757548393133372,3,1,14,13,0.9910056524531852,1,3.9,1,0.9100672995523883,1
PRACT_0540,2024-03-17,TI,Supervisor_9,0,0.9809770403897262,2,0,19,16,0.8423145612978605,3,3.7,0,0.9572260844924364,0
PRACT_0541,2024-05-10,Operaciones,Supervisor_4,1,0.8103154211462744,5,3,7,3,0.5449746082133874,4,2.7,1,0.6130622611029378,-1
PRACT_0542,2023-07-03,Operaciones,Supervisor_9,0,0.926303617753893,2,1,14,11,0.8290583423931563,3,3.7,0,0.8367824102465651,0
PRACT_0543,2024-12-13,TI,Supervisor_2,0,0.9224559469268897,3,1,12,11,0.9566555362564739,1,4.4,0,0.8107833367579541,0
PRACT_0544,2024-12-21,TI,Supervisor_2,0,0.946550566652748,2,1,15,13,0.867465906220683,2,4.0,0,0.9146627489143044,0
PRACT_0545,2023-10-04,Finanzas,Supervisor_9,0,0.9265089168752036,2,1,16,13,0.8652945459637241,3,3.8,0,0.9377199041350991,1
PRACT_0546,2021-05-06,RRHH,Supervisor_7,0,0.9734309988983108,3,0,13,11,0.9217377521058636,2,4.5,0,0.8652299434238724,0
PRACT_0547,2022-01-30,Finanzas,Supervisor_7,0,0.9635939576741434,1,1,19,15,0.8296221849778046,4,4.2,1,0.9227168369711753,1
PRACT_0548,2023-03-28,TI,Supervisor_1,0,0.9874987688052651,4,1,5,4,0.8710898927160957,1,4.1,1,0.8104314461706659,1
PRACT_0549,2023-05-31,Operaciones,Supervisor_6,0,0.9082738303487071,0,0,17,16,0.9530004647983447,1,4.4,0,0.8198586692593608,1
PRACT_0550,2022-07-30,Finanzas,Supervisor_7,0,0.9915083333358075,4,1,15,12,0.8100288046143621,3,4.2,0,0.9403509544516997,1
PRACT_0551,2021-11-21,RRHH,Supervisor_6,0,0.9293348626670089,0,0,17,16,0.990292735949164,1,4.0,1,0.8736139410434598,0
PRACT_0552,2024-11-16,Finanzas,Supervisor_6,1,0.6717430210744444,10,5,8,3,0.4854401122748653,5,2.3,5,0.7685336124412023,0
PRACT_0553,2023-07-19,Marketing,Supervisor_2,0,0.9438611435939643,4,1,20,19,0.9870791908367401,1,4.5,1,0.9663442240559836,1
PRACT_0554,2024-05-12,Finanzas,Supervisor_6,0,0.9760311651104424,2,2,14,11,0.8127846328383878,3,3.5,1,0.9705244874952234,1
PRACT_0555,2023-04-13,TI,Supervisor_4,1,0.6471166583011448,14,2,7,4,0.6079823282226156,3,2.2,2,0.5688670581857804,-1
PRACT_0556,2023-11-21,Operaciones,Supervisor_9,0,0.994355314564941,2,2,9,8,0.9801735788803159,1,3.6,1,0.8972571144702693,1
PRACT_0557,2024-11-12,Operaciones,Supervisor_1,0,0.9902533882638576,1,0,11,10,0.9496108138176232,1,3.8,1,0.9467853447264973,0
PRACT_0558,2024-12-28,TI,Supervisor_8,0,0.9872161151969506,3,2,13,11,0.9001510549481972,2,4.3,0,0.954796119253382,0
PRACT_0559,2023-04-17,Marketing,Supervisor_5,0,0.9071258332648228,0,1,10,9,0.9102980590702674,1,4.8,0,0.9569351961457755,1
PRACT_0560,2023-07-15,TI,Supervisor_1,0,0.985425806155394,0,1,12,10,0.8411258951064563,2,4.8,1,0.845633466876117,1
PRACT_0561,2024-10-31,Finanzas,Supervisor_4,0,0.9781635445443211,3,2,5,4,0.9647970116903425,1,3.6,0,0.8385069635447547,1
PRACT_0562,2024-09-29,TI,Supervisor_1,0,0.9103512947006132,4,1,8,7,0.9917032550005211,1,4.1,1,0.9180024936547392,0
PRACT_0563,2022-03-19,TI,Supervisor_6,0,0.9107414325436222,3,2,12,10,0.9082135717313645,2,4.4,0,0.948217159547644,1
PRACT_0564,2021-03-16,Marketing,Supervisor_2,0,0.9101163811517541,3,0,7,6,0.9881434159278217,1,3.7,0,0.8638279031068387,1
PRACT_0565,2022-07-11,Finanzas,Supervisor_5,0,0.9011332593204487,1,2,13,12,0.9475820107329979,1,4.6,0,0.8209410313724843,0
PRACT_0566,2024-03-24,RRHH,Supervisor_7,0,0.9548634305194583,3,2,13,12,0.9654961919514012,1,4.6,0,0.9433492765820155,0
PRACT_0567,2024-12-24,RRHH,Supervisor_2,0,0.9973394291436043,0,2,17,15,0.9170969018341958,2,4.9,0,0.859939566276001,0
PRACT_0568,2021-12-29,Operaciones,Supervisor_6,0,0.9438684702899793,2,2,12,9,0.8312522679622711,3,3.5,0,0.8332725448623444,1
PRACT_0569,2022-03-24,TI,Supervisor_6,1,0.6892651256605747,14,1,19,9,0.47817936591153287,10,1.8,4,0.5590894113588527,0
PRACT_0570,2024-06-11,Operaciones,Supervisor_5,0,0.9967969796769955,1,0,20,18,0.9487473629904891,2,4.7,0,0.8629819095053433,0
PRACT_0571,2021-09-19,Marketing,Supervisor_5,0,0.9255182228774231,4,0,7,6,0.9275252869892529,1,4.5,0,0.9185356131827491,0
PRACT_0572,2021-05-05,RRHH,Supervisor_3,0,0.9858470252598263,2,2,15,12,0.8537594192333955,3,4.8,0,0.8716804477387634,1
PRACT_0573,2023-06-30,TI,Supervisor_10,0,0.9546390467211736,1,0,8,6,0.8379573554869153,2,3.6,1,0.8041323703186863,1
PRACT_0574,2021-09-02,Marketing,Supervisor_10,0,0.9569476514663011,3,1,7,5,0.808712136114484,2,4.4,0,0.8193816869355622,1
PRACT_0575,2022-06-26,Marketing,Supervisor_2,1,0.6201108500225492,14,1,9,5,0.6056417755136023,4,2.4,3,0.6162012988794476,-1
PRACT_0576,2022-04-30,TI,Supervisor_7,1,0.6965545263384179,14,3,11,7,0.6937714504959953,4,1.6,4,0.7638817928588368,-1
PRACT_0577,2021-05-02,Marketing,Supervisor_1,0,0.9073142509478284,1,1,16,14,0.9130605382920901,2,4.3,1,0.8197030146937068,1
PRACT_0578,2021-05-05,TI,Supervisor_6,1,0.7676252504149392,9,7,16,7,0.46418851925223864,9,2.4,1,0.7242627414002727,-1
PRACT_0579,2021-06-19,TI,Supervisor_6,0,0.9284687761544271,1,1,19,16,0.8801496895295156,3,3.8,1,0.8239771741648009,1
PRACT_0580,2021-05-04,Finanzas,Supervisor_3,0,0.9887608329493955,1,2,5,4,0.8202250376363317,1,3.9,0,0.8423230654698763,0
PRACT_0581,2023-11-25,Operaciones,Supervisor_2,0,0.9367850694607458,4,2,15,14,0.9706303619938015,1,4.5,1,0.8344377055111526,1
PRACT_0582,2024-01-16,Marketing,Supervisor_2,1,0.5499884386704089,12,2,5,3,0.6342923202154157,2,2.2,1,0.5268914542283242,-1
PRACT_0583,2022-10-08,Marketing,Supervisor_9,0,0.9695881574368486,2,0,17,15,0.909301027622664,2,4.8,0,0.934265963477318,1
PRACT_0584,2023-02-25,Finanzas,Supervisor_5,0,0.9164578144713503,0,1,17,15,0.8868840276236659,2,4.0,0,0.8926807094772069,0
PRACT_0585,2021-07-20,Finanzas,Supervisor_7,0,0.9753680515542991,4,1,13,12,0.9331347472458582,1,3.9,1,0.9662106881794676,1
PRACT_0586,2022-01-04,Finanzas,Supervisor_5,0,0.9968112236406117,4,1,20,18,0.935807433084488,2,5.0,0,0.8197781679964634,1
PRACT_0587,2023-03-08,RRHH,Supervisor_7,0,0.9779552868795262,1,1,5,4,0.888464880673242,1,4.9,0,0.8289465866676144,0
PRACT_0588,2021-03-18,RRHH,Supervisor_4,0,0.9022449248431325,1,1,16,14,0.9187213652098335,2,3.5,0,0.8612915462700902,1
PRACT_0589,2021-02-28,RRHH,Supervisor_8,0,0.9599885788052774,0,2,14,13,0.971755057045693,1,4.7,1,0.9531731973877616,1
PRACT_0590,2022-03-07,TI,Supervisor_10,0,0.9695410670969724,1,2,12,11,0.9971943887900687,1,3.7,0,0.8611517646311397,1
PRACT_0591,2022-09-30,Marketing,Supervisor_10,0,0.9825458325796286,3,0,6,4,0.8126033557750743,2,3.5,0,0.8816837414997385,1
PRACT_0592,2021-04-19,Operaciones,Supervisor_7,0,0.9056002308939001,1,0,9,8,0.9124565005535046,1,3.9,0,0.8603207132594329,1
PRACT_0593,2023-10-05,TI,Supervisor_10,0,0.9480107827952287,1,1,19,16,0.8636594771666671,3,3.9,0,0.816044858360206,1
PRACT_0594,2024-07-25,Marketing,Supervisor_5,0,0.9535370872638395,3,0,19,17,0.8966708606117798,2,4.7,1,0.9878867245792375,1
PRACT_0595,2021-03-09,Marketing,Supervisor_6,1,0.5591937019254622,5,1,12,8,0.6938050072971678,4,2.6,5,0.7194155968284756,-1
PRACT_0596,2023-12-29,Finanzas,Supervisor_5,0,0.932244980971065,3,1,18,15,0.8488904420513325,3,5.0,1,0.9575666376370994,0
PRACT_0597,2024-04-03,Finanzas,Supervisor_7,0,0.9440221726256165,4,2,6,4,0.8258761862135083,2,4.6,1,0.9316714184370593,1
PRACT_0598,2021-11-01,TI,Supervisor_2,0,0.9833209687957801,3,2,8,7,0.9826491238976632,1,4.1,0,0.902850855812395,0
PRACT_0599,2022-11-05,Finanzas,Supervisor_5,0,0.9929407566070207,2,0,5,4,0.9232589425461569,1,4.5,1,0.8179356513318761,1
PRACT_0600,2021-12-31,Marketing,Supervisor_10,0,0.9628422828917673,4,2,13,10,0.801217506195118,3,5.0,1,0.9285467090540609,0
PRACT_0601,2023-04-01,Finanzas,Supervisor_3,0,0.9394945186021462,1,2,5,4,0.9652538478349253,1,4.6,1,0.8310740711873664,1
PRACT_0602,2024-11-03,RRHH,Supervisor_9,0,0.9254031017798986,4,0,9,8,0.9389930537637278,1,4.6,0,0.8828766338712554,1
PRACT_0603,2021-12-09,Finanzas,Supervisor_6,0,0.998213518443615,0,1,6,5,0.8922097934437672,1,4.9,1,0.9258226286960861,1
PRACT_0604,2023-08-05,Marketing,Supervisor_10,0,0.9983019998076359,0,0,8,7,0.956344453197592,1,3.7,1,0.9564458000944247,1
PRACT_0605,2023-06-18,TI,Supervisor_3,0,0.9924976948235035,3,0,10,9,0.9135071572912641,1,4.6,0,0.937009035141724,1
PRACT_0606,2024-10-09,Operaciones,Supervisor_7,0,0.9785669149877819,4,0,6,5,0.8601053514476993,1,4.8,0,0.9343067058109258,0
PRACT_0607,2024-12-10,Finanzas,Supervisor_4,0,0.9325779543745618,1,1,8,6,0.8716598827039165,2,4.9,1,0.8298084418350415,0
PRACT_0608,2024-02-07,Marketing,Supervisor_3,0,0.9817000483497631,0,1,5,4,0.8937159608750278,1,3.8,1,0.8692257080143176,0
PRACT_0609,2023-02-01,Operaciones,Supervisor_8,0,0.9408793017271173,1,1,6,5,0.9742276300324311,1,4.3,1,0.8085824545320389,1
PRACT_0610,2021-12-07,Operaciones,Supervisor_4,0,0.9326773098155046,2,1,17,14,0.8344436644414066,3,4.5,0,0.9438953786352929,0
PRACT_0611,2023-07-31,RRHH,Supervisor_1,0,0.9744865358466279,0,0,9,8,0.9594835817666497,1,3.9,1,0.9905171962634838,0
PRACT_0612,2022-01-18,Operaciones,Supervisor_6,0,0.9079653927620424,3,2,19,18,0.955558316083938,1,4.4,0,0.8528220780358152,1
PRACT_0613,2023-10-01,Marketing,Supervisor_10,0,0.9048562723295662,2,0,10,8,0.8864167425704136,2,3.9,1,0.8175393418324619,1
PRACT_0614,2021-10-27,Marketing,Supervisor_1,0,0.9447953697181186,4,1,14,11,0.8435331752131877,3,4.0,1,0.8951140153507308,0
PRACT_0615,2021-05-19,Finanzas,Supervisor_5,1,0.6559735802877567,14,3,7,3,0.4980127644941148,4,2.2,3,0.8426792892510275,-1
PRACT_0616,2021-12-25,Finanzas,Supervisor_7,1,0.8134754535723422,5,5,16,9,0.5816201115860032,7,2.3,2,0.7207896781087119,0
PRACT_0617,2023-04-16,Finanzas,Supervisor_6,0,0.9126153096287817,2,2,13,10,0.8424322525862059,3,4.2,0,0.8093554300380227,1
PRACT_0618,2024-11-09,Operaciones,Supervisor_2,0,0.9123283927452412,2,1,17,14,0.8584666622566766,3,4.2,0,0.9948544481055892,0
PRACT_0619,2024-07-27,Operaciones,Supervisor_4,1,0.5516084101662154,12,7,6,3,0.6033281483088013,3,1.9,5,0.8314599639850403,-1
PRACT_0620,2022-04-28,RRHH,Supervisor_2,0,0.9029736261294603,0,2,10,8,0.8698895281567257,2,3.7,1,0.826318815410302,1
PRACT_0621,2023-06-28,Finanzas,Supervisor_1,0,0.9071731737814909,4,1,13,11,0.8861634781574251,2,3.6,0,0.9843595513007017,1
PRACT_0622,2024-02-09,TI,Supervisor_3,0,0.965986986682904,4,2,10,8,0.8544168315155956,2,3.8,0,0.8901376577210377,1
PRACT_0623,2023-05-16,RRHH,Supervisor_3,0,0.9431584329117509,3,0,19,18,0.9590909821244163,1,4.4,0,0.8743795981149882,1
PRACT_0624,2021-05-19,TI,Supervisor_7,0,0.9763603067088014,4,2,11,10,0.9706222778314073,1,4.7,1,0.8922106661054376,1
PRACT_0625,2023-09-23,Operaciones,Supervisor_1,0,0.9992597718581661,3,0,20,16,0.8031433166038576,4,3.8,0,0.9669143913741894,0
PRACT_0626,2022-03-11,RRHH,Supervisor_9,0,0.9659034681099001,2,2,8,7,0.9477654874702359,1,3.7,0,0.9318959356573572,0
PRACT_0627,2022-05-24,RRHH,Supervisor_6,0,0.9050455570620124,0,2,12,10,0.9140698856017523,2,4.6,0,0.8118496904799456,1
PRACT_0628,2021-09-30,Marketing,Supervisor_4,0,0.9104562864754342,4,1,6,4,0.8128270504474767,2,4.0,1,0.9915208742232342,1
PRACT_0629,2024-01-28,Operaciones,Supervisor_3,0,0.9881004084814707,3,1,13,11,0.9163561221851443,2,4.9,1,0.8295568266956636,1
PRACT_0630,2021-04-14,Operaciones,Supervisor_3,0,0.9527495944558262,2,0,6,5,0.9608792893830403,1,4.6,0,0.9491135903470702,0
PRACT_0631,2024-05-22,RRHH,Supervisor_2,0,0.982483715939574,4,1,8,7,0.9399412711499837,1,4.0,0,0.9272273060856262,1
PRACT_0632,2023-02-01,Operaciones,Supervisor_2,1,0.799814317678724,14,6,6,2,0.4402715257281231,4,1.9,5,0.5750112191786243,-1
PRACT_0633,2023-02-26,RRHH,Supervisor_10,0,0.9927674541499519,2,1,11,10,0.9833252563955959,1,4.3,0,0.83414641522261,1
PRACT_0634,2021-06-14,Marketing,Supervisor_5,0,0.9949829205486366,4,1,13,12,0.9311187902489678,1,3.6,0,0.9740655187409384,0
PRACT_0635,2023-09-26,RRHH,Supervisor_9,0,0.9554825796503307,2,1,9,8,0.9642658900700487,1,3.7,0,0.8839389846999195,1
PRACT_0636,2022-06-04,Operaciones,Supervisor_2,0,0.9341020172256034,0,0,19,18,0.9680154319375448,1,3.8,0,0.9309153028348277,1
PRACT_0637,2024-07-31,Operaciones,Supervisor_2,0,0.9961864874347999,0,0,15,12,0.862202067697852,3,4.7,0,0.9008142007713347,0
PRACT_0638,2022-06-01,RRHH,Supervisor_6,0,0.9547406406001225,0,1,16,13,0.8373615796380998,3,4.3,1,0.9454707034151919,0
PRACT_0639,2022-10-19,RRHH,Supervisor_10,0,0.9064252722954611,1,1,19,17,0.9410817747946968,2,3.5,0,0.8958484750078661,1
PRACT_0640,2022-09-05,RRHH,Supervisor_2,0,0.9642776550059865,0,0,20,19,0.9964965302122214,1,4.5,0,0.8574759830511137,1
PRACT_0641,2021-06-13,Finanzas,Supervisor_4,0,0.9587684750395011,1,2,19,16,0.8936435192175939,3,4.1,1,0.8726766741992993,0
PRACT_0642,2021-03-05,Operaciones,Supervisor_6,0,0.9895792872894706,0,0,10,8,0.8402892963291588,2,4.3,1,0.9718155388900686,0
PRACT_0643,2024-01-20,Operaciones,Supervisor_5,0,0.9653187189157812,2,2,7,6,0.8806461055894976,1,3.8,1,0.8936069385845454,0
PRACT_0644,2024-02-15,Finanzas,Supervisor_1,0,0.9349052424461551,4,1,7,6,0.9979129616475614,1,4.3,1,0.8426898664489219,1
PRACT_0645,2021-09-24,RRHH,Supervisor_6,0,0.9966225725705821,4,1,13,11,0.8593989782278834,2,5.0,0,0.9869210776154507,0
PRACT_0646,2024-03-09,Marketing,Supervisor_1,1,0.7805668200937117,13,1,19,12,0.6378533601511366,7,1.6,3,0.8186401825993508,-1
PRACT_0647,2021-09-03,RRHH,Supervisor_3,0,0.9630417618381355,4,1,18,17,0.956591553193456,1,3.9,1,0.8111332292112399,1
PRACT_0648,2022-01-30,RRHH,Supervisor_10,0,0.9292925203403123,0,2,20,19,0.9972711591011483,1,3.9,1,0.9997885923961036,1
PRACT_0649,2022-04-21,Finanzas,Supervisor_5,0,0.9373540296314296,0,2,11,10,0.9266606652797342,1,3.9,1,0.9389853392880205,0
PRACT_0650,2023-09-04,Operaciones,Supervisor_10,0,0.9669969924096656,3,0,5,4,0.8109079321350302,1,4.1,0,0.8320533198081175,1
PRACT_0651,2024-04-22,RRHH,Supervisor_5,0,0.9071980818463322,3,2,19,16,0.8929037729623438,3,4.7,1,0.8474335362597193,1
PRACT_0652,2023-11-10,Operaciones,Supervisor_10,0,0.9256680591650264,3,0,15,13,0.8808040205725627,2,4.9,1,0.9384890962483095,1
PRACT_0653,2022-07-12,TI,Supervisor_6,0,0.9713900933396598,1,0,19,18,0.9831001752490831,1,3.8,1,0.9559522110558244,0
PRACT_0654,2023-10-15,Operaciones,Supervisor_10,0,0.9480018509844621,3,2,16,12,0.8025315656968325,4,4.3,0,0.8478071886299613,1
PRACT_0655,2023-06-02,Marketing,Supervisor_8,0,0.9402393564814431,0,2,18,15,0.8648515174032727,3,4.5,0,0.8513937707798542,0
PRACT_0656,2021-05-27,Marketing,Supervisor_5,0,0.9151457622400415,2,2,18,15,0.8378034134669109,3,4.3,1,0.8614241389744122,0
PRACT_0657,2022-10-28,RRHH,Supervisor_1,0,0.9441849034477733,3,2,8,7,0.9909299591977471,1,4.2,0,0.9196036729673274,0
PRACT_0658,2024-08-20,Operaciones,Supervisor_5,0,0.9770691970760234,3,2,17,13,0.8107394375878749,4,3.8,1,0.8343632356602554,1
PRACT_0659,2022-09-12,RRHH,Supervisor_3,0,0.9264012846071893,2,2,20,17,0.8807358565173029,3,4.2,0,0.8208486397769555,1
PRACT_0660,2023-03-31,Finanzas,Supervisor_4,0,0.9005398542183678,0,2,8,7,0.9160352739593068,1,4.1,1,0.9357728178171028,1
PRACT_0661,2023-05-14,Marketing,Supervisor_8,0,0.9668504901150983,1,1,9,8,0.907415908159518,1,4.7,0,0.955819587958634,0
PRACT_0662,2022-08-05,RRHH,Supervisor_7,1,0.8404193115513934,11,1,17,8,0.47656936507556963,9,2.6,2,0.7003717617666022,-1
PRACT_0663,2023-10-20,Finanzas,Supervisor_5,0,0.9606826563588583,3,0,8,7,0.9778453187326843,1,3.7,0,0.8727665420536771,1
PRACT_0664,2022-11-26,RRHH,Supervisor_2,0,0.911992185892713,2,2,15,13,0.8852303096901448,2,3.6,0,0.8864085427052953,0
PRACT_0665,2024-06-05,Operaciones,Supervisor_6,0,0.9320733092344673,0,0,10,9,0.9251800465847985,1,4.9,1,0.8776815667743905,1
PRACT_0666,2024-01-31,Operaciones,Supervisor_6,0,0.9867641614720224,4,2,10,8,0.8513483202683099,2,4.3,1,0.991996981647535,0
PRACT_0667,2024-12-11,Operaciones,Supervisor_10,0,0.9232568074256828,1,1,9,8,0.959858001180843,1,4.8,0,0.9536179810438281,1
PRACT_0668,2024-05-24,Operaciones,Supervisor_10,0,0.9607695903497608,2,0,9,8,0.935974574789435,1,3.6,1,0.8416174429700221,0
PRACT_0669,2022-02-11,TI,Supervisor_6,0,0.9402671208253998,2,0,12,9,0.8039264542775307,3,4.3,1,0.876837830410796,1
PRACT_0670,2022-02-03,Finanzas,Supervisor_9,0,0.920784372141965,2,1,11,9,0.8972851670052143,2,4.3,1,0.908802458272622,1
PRACT_0671,2022-12-16,Finanzas,Supervisor_8,0,0.981340689356468,3,1,13,11,0.9050717536947208,2,4.8,1,0.9225971724127378,1
PRACT_0672,2022-12-05,Operaciones,Supervisor_8,1,0.7599909467629915,10,6,19,11,0.5987289920264055,8,1.6,3,0.6872735584115068,-1
PRACT_0673,2023-01-31,TI,Supervisor_1,0,0.9661591065959265,4,0,19,16,0.8604935653969692,3,3.9,1,0.9620253270023919,1
PRACT_0674,2022-05-14,Operaciones,Supervisor_5,0,0.9236336590268751,1,0,14,13,0.9365928837377374,1,4.1,0,0.9535212038916463,0
PRACT_0675,2023-09-01,TI,Supervisor_7,0,0.9097857002716451,0,1,13,12,0.9570184407849981,1,4.8,0,0.9010315837256334,1
PRACT_0676,2021-03-23,Operaciones,Supervisor_6,1,0.7016557654390881,5,4,15,8,0.5758049132434889,7,2.9,4,0.8417717547126922,-1
PRACT_0677,2022-08-27,Marketing,Supervisor_5,0,0.9553677833539433,4,1,6,5,0.8765003461371469,1,5.0,1,0.9502179060884772,0
PRACT_0678,2023-02-11,Marketing,Supervisor_8,0,0.9188385009334873,2,1,11,10,0.9356365169178136,1,4.9,0,0.9557163697441287,0
PRACT_0679,2023-06-22,RRHH,Supervisor_3,1,0.5196863430103104,7,2,7,4,0.6352857315221406,3,1.5,2,0.8825603117733667,0
PRACT_0680,2021-12-31,Operaciones,Supervisor_6,1,0.5282479589678951,15,2,18,11,0.633731256201594,7,1.6,3,0.6065867764836811,-1
PRACT_0681,2021-06-12,Finanzas,Supervisor_5,1,0.8474698452794568,10,3,14,6,0.48554770885302023,8,1.7,1,0.6070592649467397,-1
PRACT_0682,2023-12-08,RRHH,Supervisor_8,0,0.9783583894742884,2,1,5,4,0.9163016619248144,1,4.0,0,0.977790451138128,0
PRACT_0683,2022-05-26,Marketing,Supervisor_4,0,0.9921987475965173,2,2,18,16,0.9319060638059962,2,4.7,1,0.9544452746771359,0
PRACT_0684,2024-09-14,Operaciones,Supervisor_8,0,0.9195054722236363,4,0,15,14,0.9622815005401313,1,4.8,1,0.9853091082871255,1
PRACT_0685,2021-04-26,RRHH,Supervisor_10,1,0.8361989877132023,14,5,20,9,0.4932736086586535,11,1.8,2,0.5252520641297812,0
PRACT_0686,2023-07-30,Operaciones,Supervisor_2,0,0.9142654351473162,2,2,20,18,0.9188947709825238,2,4.4,1,0.9255514154523193,1
PRACT_0687,2021-12-03,Marketing,Supervisor_9,0,0.9509081828566471,3,1,13,11,0.8738641888423352,2,4.9,1,0.8289256676246896,1
PRACT_0688,2023-05-31,RRHH,Supervisor_9,0,0.9829695684417064,0,0,17,15,0.9083283015666106,2,4.2,0,0.9007794396585166,1
PRACT_0689,2023-01-07,Marketing,Supervisor_10,0,0.934980335451158,4,1,7,5,0.8191535772399254,2,3.7,1,0.8311493863706889,1
PRACT_0690,2023-04-20,TI,Supervisor_10,0,0.9424828533176901,3,1,7,6,0.9603840784511966,1,4.2,1,0.8256157017969759,0
PRACT_0691,2021-05-27,Marketing,Supervisor_6,0,0.9128185110299099,2,2,13,11,0.8762621279904156,2,4.1,0,0.8024336690764067,1
PRACT_0692,2024-09-08,Operaciones,Supervisor_4,0,0.9122921879998973,2,0,20,19,0.9644844620032554,1,4.4,1,0.9260477624765808,0
PRACT_0693,2022-03-19,Finanzas,Supervisor_4,0,0.961956822477866,2,0,7,5,0.8143778909200027,2,4.2,0,0.8718045233380173,0
PRACT_0694,2023-04-17,Marketing,Supervisor_6,0,0.9675532368620057,3,2,9,7,0.8417055080598376,2,3.5,1,0.8210376569757943,1
PRACT_0695,2023-11-03,Finanzas,Supervisor_5,0,0.9777332514082193,2,1,12,10,0.9067539884864049,2,5.0,0,0.864567555546262,0
PRACT_0696,2023-08-01,TI,Supervisor_6,0,0.9556682052681753,3,1,17,16,0.9433674413467805,1,4.3,0,0.833788818290317,1
PRACT_0697,2021-10-14,RRHH,Supervisor_7,0,0.9645759292261306,2,0,12,10,0.8979288423638032,2,4.2,0,0.9883389663003319,1
PRACT_0698,2022-12-21,RRHH,Supervisor_7,0,0.901351727169972,0,2,19,16,0.8775319801117598,3,4.9,1,0.8640009771522696,1
PRACT_0699,2024-02-12,Finanzas,Supervisor_9,0,0.9162170727137188,0,2,14,12,0.9251112879444978,2,3.7,1,0.866790704657878,0
PRACT_0700,2022-04-25,RRHH,Supervisor_8,0,0.9984914766016905,1,1,6,4,0.8062914390492053,2,3.8,1,0.9679716006799172,0
PRACT_0701,2021-01-22,Marketing,Supervisor_6,0,0.9075993506315831,2,1,20,17,0.8947370520806743,3,4.7,1,0.9295511522572009,0
PRACT_0702,2024-10-04,Finanzas,Supervisor_6,0,0.9678788222260245,2,2,20,18,0.9104430136109259,2,3.9,0,0.9420343214806003,1
PRACT_0703,2022-11-14,Operaciones,Supervisor_5,0,0.9176082633031717,3,0,16,14,0.9299052257498739,2,4.7,1,0.9272003607977921,1
PRACT_0704,2023-06-25,Marketing,Supervisor_1,0,0.9716718585767642,3,1,7,6,0.8951785021658981,1,3.9,1,0.989239256789713,1
PRACT_0705,2021-11-16,Marketing,Supervisor_9,0,0.9705990402961994,2,2,10,8,0.8770030742711235,2,3.5,0,0.8414001663116091,1
PRACT_0706,2021-05-06,Marketing,Supervisor_9,1,0.5819696709258315,14,7,8,5,0.6462026150203211,3,2.3,1,0.8956156967023183,-1
PRACT_0707,2021-10-04,Operaciones,Supervisor_9,0,0.9269634399219204,2,2,12,10,0.9060665512139269,2,3.8,0,0.9661912355113027,1
PRACT_0708,2024-05-12,TI,Supervisor_8,1,0.7291697497607309,12,1,5,3,0.6686560361142477,2,2.6,1,0.7355890355505369,0
PRACT_0709,2021-07-13,RRHH,Supervisor_10,0,0.9390086038780214,3,1,18,17,0.9554666890061232,1,4.5,0,0.9324743248792497,0
PRACT_0710,2022-11-27,Finanzas,Supervisor_3,0,0.9194547969699911,2,1,15,12,0.8540009992930029,3,4.9,0,0.9297651753001228,1
PRACT_0711,2024-08-02,TI,Supervisor_1,0,0.9731679598787482,3,1,12,9,0.8200989518479509,3,4.7,0,0.8116792448118308,1
PRACT_0712,2021-02-26,Finanzas,Supervisor_8,0,0.9154147524336335,2,0,10,8,0.8557414691241417,2,3.8,0,0.8436032997063878,0
PRACT_0713,2024-08-19,RRHH,Supervisor_7,0,0.9855643664144946,4,1,14,13,0.9972725803393763,1,4.7,1,0.9922941769049498,0
PRACT_0714,2024-04-01,Operaciones,Supervisor_5,0,0.9514669524051828,3,1,12,9,0.8163407919204458,3,4.5,0,0.9068728857718759,0
PRACT_0715,2021-01-19,Marketing,Supervisor_10,0,0.9105700603879301,1,1,8,7,0.9152879717285576,1,4.5,1,0.8756707206523824,1
PRACT_0716,2024-10-25,Marketing,Supervisor_7,1,0.7429253167358445,10,6,12,7,0.5891265244506769,5,2.7,5,0.80481538535563,-1
PRACT_0717,2021-09-21,Operaciones,Supervisor_10,1,0.6817070638510891,7,1,16,9,0.5928652044973759,7,2.4,2,0.7098075770623238,0
PRACT_0718,2023-03-05,TI,Supervisor_4,1,0.6043201501281833,10,4,13,8,0.682190965241873,5,2.2,4,0.5052651085727591,-1
PRACT_0719,2021-04-23,TI,Supervisor_9,0,0.9422539380223856,3,2,7,6,0.8839307685342022,1,4.5,0,0.9472475193430236,1
PRACT_0720,2024-09-12,Finanzas,Supervisor_10,0,0.9298337743587499,4,2,8,6,0.8480645761489661,2,3.9,0,0.9464435120105723,0
PRACT_0721,2022-06-26,Operaciones,Supervisor_2,1,0.5920590425099744,6,2,13,7,0.5437071194827522,6,1.8,1,0.5660594848439897,-1
PRACT_0722,2022-10-09,TI,Supervisor_9,0,0.9163608420843712,3,1,9,8,0.9150225133878723,1,4.4,1,0.9913320176848427,0
PRACT_0723,2022-08-02,Operaciones,Supervisor_9,0,0.9362767133137476,4,1,10,8,0.8573807097824204,2,3.9,1,0.8447816263082228,0
PRACT_0724,2023-12-25,RRHH,Supervisor_5,0,0.9250987206316071,4,0,14,11,0.8057715826672249,3,3.6,0,0.8915498734764399,1
PRACT_0725,2024-08-08,Marketing,Supervisor_1,0,0.9683434487053917,4,1,17,14,0.8556964912085578,3,3.5,0,0.8229471922521829,0
PRACT_0726,2021-01-25,Marketing,Supervisor_7,1,0.7393568594071572,13,5,15,9,0.6156367104460077,6,2.4,3,0.7413129277802354,-1
PRACT_0727,2021-01-01,Marketing,Supervisor_10,0,0.9501840242555638,2,1,18,15,0.8347895603208386,3,4.0,0,0.8750902240114425,0
PRACT_0728,2023-06-30,Operaciones,Supervisor_10,0,0.9777944527470321,3,1,13,12,0.9621331546967025,1,4.6,1,0.8706346924419411,1
PRACT_0729,2021-05-21,Operaciones,Supervisor_4,0,0.9841339719006048,3,2,11,10,0.9429383467829514,1,4.1,1,0.9653953754441895,1
PRACT_0730,2022-10-10,Finanzas,Supervisor_9,0,0.9579766457434273,3,1,13,11,0.880805990065692,2,4.2,0,0.8019123425700957,1
PRACT_0731,2021-07-07,Marketing,Supervisor_6,0,0.9618935162763433,4,0,6,5,0.8545645337760405,1,4.1,0,0.9595893541784846,1
PRACT_0732,2024-02-26,Finanzas,Supervisor_3,1,0.5990100684252277,7,4,20,13,0.6975779854924332,7,2.5,3,0.7285794262992314,-1
PRACT_0733,2021-07-20,Marketing,Supervisor_6,0,0.989486920070552,1,2,5,4,0.8481919324562561,1,4.0,0,0.9972197026960399,1
PRACT_0734,2024-02-25,Finanzas,Supervisor_10,0,0.902420604442253,3,0,9,7,0.8331240118820343,2,4.9,1,0.9178886441208498,1
PRACT_0735,2021-09-14,Finanzas,Supervisor_6,0,0.9348602469442846,2,2,6,5,0.8489403690299318,1,4.9,0,0.8110758268295917,1
PRACT_0736,2022-07-01,RRHH,Supervisor_5,1,0.7526301475424496,15,1,20,13,0.6751136770463428,7,2.8,2,0.5202581305774905,-1
PRACT_0737,2021-07-13,Finanzas,Supervisor_2,0,0.9080089509671161,0,2,20,16,0.8139043080506392,4,4.9,1,0.9766305972743664,1
PRACT_0738,2022-12-04,Operaciones,Supervisor_10,1,0.5641093345999024,12,1,11,5,0.4855298498148982,6,2.2,4,0.8364856582044213,-1
PRACT_0739,2024-02-02,Finanzas,Supervisor_10,0,0.9589285727862851,3,0,5,4,0.9883750100294506,1,4.3,1,0.8691780151164047,1
PRACT_0740,2024-07-12,Marketing,Supervisor_2,0,0.9559993671463558,4,1,6,5,0.8467158166243733,1,4.6,1,0.9236064968362274,1
PRACT_0741,2023-03-13,Finanzas,Supervisor_7,0,0.9738928296130955,2,2,7,6,0.9848433524487092,1,4.5,1,0.8979182714111201,0
PRACT_0742,2023-07-31,TI,Supervisor_2,0,0.9812612639088172,2,2,19,17,0.9078461054672966,2,4.8,1,0.9934328110272104,1
PRACT_0743,2024-11-08,Marketing,Supervisor_6,0,0.912857957851167,1,1,8,7,0.8802696008477037,1,4.6,1,0.9899921801753784,1
PRACT_0744,2024-07-07,TI,Supervisor_5,0,0.9018380989775242,0,0,7,6,0.9206583021224035,1,5.0,0,0.9967678017081549,1
PRACT_0745,2022-02-18,Marketing,Supervisor_4,0,0.9689638519658906,2,0,12,10,0.8870181853399048,2,4.0,0,0.9732897561268529,1
PRACT_0746,2024-10-13,Operaciones,Supervisor_7,1,0.6054871285182257,15,3,15,8,0.5337548902596153,7,2.7,3,0.8638206363100405,-1
PRACT_0747,2024-01-04,Operaciones,Supervisor_8,0,0.9625983913917954,4,0,8,6,0.8214997274218858,2,4.5,0,0.8434557557534273,1
PRACT_0748,2024-10-10,Operaciones,Supervisor_4,0,0.9150544588062225,4,2,15,14,0.9516891913999729,1,4.5,0,0.9662013577979549,1
PRACT_0749,2023-06-29,TI,Supervisor_1,1,0.664164016333087,14,4,14,7,0.545158405087186,7,2.0,2,0.7835428452817099,0
PRACT_0750,2021-07-07,RRHH,Supervisor_1,0,0.9504424746063437,1,2,19,15,0.8143615090890939,4,4.7,1,0.992557301765614,0
PRACT_0751,2024-08-06,Marketing,Supervisor_1,0,0.9585077816373216,1,0,20,18,0.9117146843416533,2,4.9,0,0.9142523656885239,1
PRACT_0752,2021-02-14,Operaciones,Supervisor_1,1,0.6796095057156974,12,5,13,5,0.4154986527486969,8,1.8,3,0.5340668666842225,0
PRACT_0753,2021-03-24,Marketing,Supervisor_5,0,0.9495690770228714,4,0,18,16,0.931962664057612,2,4.4,1,0.9194797782374307,1
PRACT_0754,2024-02-21,TI,Supervisor_4,0,0.9332734153983856,4,1,7,6,0.8588696333030756,1,4.1,0,0.9373161856042576,1
PRACT_0755,2021-12-24,RRHH,Supervisor_9,0,0.9071180236318086,0,2,18,17,0.9766331355951235,1,5.0,0,0.8440642057424856,1
PRACT_0756,2023-12-26,TI,Supervisor_3,0,0.9089520196796842,3,0,9,7,0.8491654265266433,2,4.2,0,0.8788226767025458,1
PRACT_0757,2023-07-25,Marketing,Supervisor_7,0,0.9433778274407154,3,1,17,14,0.8256110276993761,3,3.8,0,0.919700682810336,1
PRACT_0758,2022-01-10,RRHH,Supervisor_8,0,0.9355793127820993,0,0,19,16,0.8794907851334054,3,4.1,0,0.8748211474633012,0
PRACT_0759,2021-06-11,RRHH,Supervisor_6,1,0.6806471816360742,8,3,17,8,0.47573425588295787,9,2.5,3,0.6499790868954656,-1
PRACT_0760,2024-11-04,TI,Supervisor_10,0,0.9304838169256268,4,1,5,4,0.9842795176000393,1,3.6,0,0.8266173278345595,0
PRACT_0761,2024-10-13,Operaciones,Supervisor_1,0,0.9687910091455324,3,2,20,18,0.9235630559517778,2,4.4,1,0.9881493446155332,1
PRACT_0762,2024-04-26,Marketing,Supervisor_8,0,0.9863954822009511,4,0,15,14,0.936551384946704,1,4.9,1,0.9500988768990193,1
PRACT_0763,2021-11-18,Finanzas,Supervisor_10,0,0.9298863188786868,0,0,16,15,0.9432979726665152,1,4.8,1,0.8002486877732204,1
PRACT_0764,2022-03-26,Finanzas,Supervisor_3,0,0.9192984007939029,1,0,10,9,0.9468128070046216,1,3.6,1,0.9531226568044331,1
PRACT_0765,2023-11-03,TI,Supervisor_8,0,0.9116180574254089,0,1,10,9,0.9119772312253475,1,5.0,1,0.9479589985315717,1
PRACT_0766,2021-07-03,Marketing,Supervisor_4,0,0.9616254040570813,3,1,13,12,0.9444311158633256,1,4.5,1,0.8019461920311046,1
PRACT_0767,2021-04-21,Marketing,Supervisor_8,0,0.944385599114057,4,1,13,11,0.850131196008314,2,3.7,1,0.873920859522753,0
PRACT_0768,2022-05-23,TI,Supervisor_1,1,0.5658055010187011,8,2,17,11,0.6507847332734704,6,1.5,2,0.7426990761302122,0
PRACT_0769,2024-08-06,Marketing,Supervisor_3,0,0.9653136733291856,3,0,14,11,0.8568271728410797,3,3.8,0,0.8905501303716072,0
PRACT_0770,2021-10-22,Operaciones,Supervisor_6,1,0.5519691140518496,12,1,7,3,0.5464723388300292,4,2.8,5,0.8111944474882029,-1
PRACT_0771,2023-06-23,TI,Supervisor_9,0,0.9554300705847952,1,0,15,14,0.9504118736900736,1,3.5,1,0.8850916665268869,0
PRACT_0772,2024-05-23,Operaciones,Supervisor_2,1,0.6845019335688426,8,6,5,3,0.61648889080141,2,1.8,2,0.5615451877815348,-1
PRACT_0773,2023-09-01,Marketing,Supervisor_1,0,0.9734227801186084,1,1,6,5,0.9583929983929206,1,4.6,1,0.9952831248547658,0
PRACT_0774,2022-09-24,TI,Supervisor_10,0,0.9055109639940667,4,0,15,12,0.8361946127956005,3,4.4,1,0.8484079985552093,1
PRACT_0775,2023-11-17,Marketing,Supervisor_3,0,0.988787293185133,4,0,12,9,0.8099965430155104,3,4.7,0,0.9435384621082665,0
PRACT_0776,2023-01-03,TI,Supervisor_4,0,0.9702991726146819,1,1,16,13,0.8656544587116303,3,4.6,0,0.8286312623328145,1
PRACT_0777,2024-06-08,Marketing,Supervisor_5,0,0.9216125998348762,0,2,10,8,0.863305630039594,2,3.6,1,0.8658025227567866,0
PRACT_0778,2021-11-17,Operaciones,Supervisor_3,0,0.918340534860974,4,0,11,10,0.9323781109401801,1,4.8,0,0.8884055216860848,0
PRACT_0779,2023-07-02,Operaciones,Supervisor_10,0,0.9431660214143783,0,0,19,15,0.8184842200906358,4,3.8,0,0.8384464009054128,1
PRACT_0780,2024-06-10,Marketing,Supervisor_2,0,0.9817565329544597,4,0,10,8,0.822539572087665,2,4.3,0,0.8899919152737219,1
PRACT_0781,2022-03-13,TI,Supervisor_2,0,0.9842949993139107,4,1,7,5,0.8112756382581106,2,4.5,0,0.83143256459835,1
PRACT_0782,2023-02-20,Finanzas,Supervisor_7,0,0.9520456092139383,2,0,16,15,0.9423764170458578,1,3.8,0,0.911801307797178,1
PRACT_0783,2024-11-27,Operaciones,Supervisor_9,0,0.9860810862686737,3,0,14,13,0.967457971811697,1,5.0,0,0.9327426505040388,1
PRACT_0784,2023-12-13,Operaciones,Supervisor_10,0,0.9005443709191691,3,0,17,13,0.816935231048538,4,4.2,1,0.8124868568056022,1
PRACT_0785,2024-08-29,Finanzas,Supervisor_2,0,0.9035174631531597,0,0,8,6,0.8041482685612402,2,3.6,1,0.9742264242164336,1
PRACT_0786,2024-07-28,Marketing,Supervisor_7,1,0.8191375577728599,8,1,13,7,0.6094698969439389,6,2.9,5,0.5740563540168142,-1
PRACT_0787,2022-12-27,TI,Supervisor_7,0,0.9775331929885916,0,2,7,6,0.9468746957353548,1,4.4,0,0.8450724850640647,0
PRACT_0788,2021-01-31,Marketing,Supervisor_7,0,0.9450706058250385,4,2,14,13,0.9657077151854099,1,4.5,1,0.9322699680166127,1
PRACT_0789,2021-12-03,RRHH,Supervisor_3,0,0.9753610131477988,2,0,16,13,0.8654519890339065,3,4.3,1,0.8937502120868829,0
PRACT_0790,2021-07-02,Operaciones,Supervisor_7,1,0.8344738116031976,15,1,12,5,0.4653397345349265,7,2.8,4,0.6997582396684263,-1
PRACT_0791,2023-11-13,RRHH,Supervisor_1,0,0.9772089523881285,4,0,7,6,0.9119230011530153,1,3.5,1,0.8256309969126265,1
PRACT_0792,2022-06-28,Operaciones,Supervisor_10,0,0.9842371333818322,1,0,11,9,0.8345313071664798,2,3.9,1,0.9611471643752817,0
PRACT_0793,2024-01-03,Operaciones,Supervisor_1,0,0.9760606581390062,1,1,7,6,0.986168733936639,1,4.2,1,0.923410849220842,0
PRACT_0794,2023-10-31,RRHH,Supervisor_5,0,0.9168211092433541,3,1,7,5,0.8466100197049231,2,3.6,0,0.8270764086618912,0
PRACT_0795,2022-10-22,RRHH,Supervisor_2,0,0.9833574109645736,0,1,12,11,0.9901744409250856,1,4.6,1,0.8747998734051192,1
PRACT_0796,2021-06-09,Marketing,Supervisor_9,1,0.5682880870084736,11,3,9,5,0.6244268097109379,4,2.1,4,0.824163973094012,-1
PRACT_0797,2023-11-04,RRHH,Supervisor_7,1,0.8124139648154514,15,1,12,4,0.408939929118875,8,1.9,2,0.7273420183946483,-1
PRACT_0798,2024-04-16,Marketing,Supervisor_4,0,0.9458649898081076,3,1,18,16,0.897589581851413,2,3.5,0,0.8217297558265861,1
PRACT_0799,2022-02-16,Marketing,Supervisor_4,0,0.9676976752311028,4,0,14,12,0.8734149901490069,2,4.6,1,0.8745554091578573,1
PRACT_0800,2023-10-09,Marketing,Supervisor_2,1,0.6740342967582252,10,5,18,8,0.4745608006038509,10,2.8,3,0.5970777593822938,-1
PRACT_0801,2021-02-22,Operaciones,Supervisor_5,0,0.9093990929416602,2,2,12,9,0.818954178318404,3,4.1,1,0.9034931107307453,0
PRACT_0802,2022-02-12,Operaciones,Supervisor_4,0,0.9290722307620666,0,2,11,9,0.8351231068662333,2,4.3,1,0.9686722257743979,0
PRACT_0803,2023-04-27,RRHH,Supervisor_1,0,0.9983731853997007,0,1,5,4,0.8221411377613023,1,3.8,1,0.8872534269608839,0
PRACT_0804,2023-11-12,Operaciones,Supervisor_8,0,0.9960714751669817,1,1,13,10,0.8274135885080897,3,4.4,0,0.8866684060736646,0
PRACT_0805,2023-11-20,RRHH,Supervisor_3,0,0.9320486897655548,3,2,8,7,0.9603892640090139,1,3.5,1,0.9810701804654074,1
PRACT_0806,2022-12-04,Operaciones,Supervisor_6,0,0.9996296804245226,4,2,9,8,0.9313313913245691,1,4.2,0,0.9152370825014545,1
PRACT_0807,2021-09-17,TI,Supervisor_4,1,0.7959429184239148,15,5,5,3,0.6012947023808555,2,2.5,4,0.7264764349589627,-1
PRACT_0808,2024-05-13,TI,Supervisor_9,1,0.7138358248012892,12,4,18,11,0.6623729430154601,7,2.9,4,0.6047639567501557,-1
PRACT_0809,2023-12-19,RRHH,Supervisor_7,0,0.904012462026101,0,0,12,10,0.9028085579356409,2,4.1,1,0.9215445495674253,0
PRACT_0810,2023-02-15,Operaciones,Supervisor_9,0,0.990144682953838,2,1,5,4,0.8301473986062338,1,4.6,0,0.9151820934834793,0
PRACT_0811,2023-11-02,Operaciones,Supervisor_10,1,0.6951002477425119,15,6,7,3,0.4895938040760225,4,2.4,2,0.6587405881367456,0
PRACT_0812,2024-08-06,Marketing,Supervisor_3,1,0.8039666529209692,8,7,9,5,0.5839850040525696,4,2.9,5,0.8962782263596722,-1
PRACT_0813,2023-04-30,Finanzas,Supervisor_1,0,0.9834429119905742,1,1,16,13,0.8553244554187402,3,4.1,1,0.9763781929896174,1
PRACT_0814,2021-12-20,RRHH,Supervisor_5,1,0.7915521753203801,15,5,7,4,0.5882891064705363,3,2.0,1,0.7998345160307263,-1
PRACT_0815,2024-01-04,Finanzas,Supervisor_3,1,0.7443608512502168,10,3,5,2,0.492787919116909,3,2.8,2,0.7149382353652002,0
PRACT_0816,2023-05-23,Finanzas,Supervisor_6,0,0.9291415138676049,1,0,19,16,0.8718327877267906,3,3.6,1,0.8924119603789261,0
PRACT_0817,2023-09-18,RRHH,Supervisor_8,0,0.933616025774452,4,2,11,10,0.9173178801108979,1,3.7,0,0.8369794790446399,0
PRACT_0818,2024-06-18,Operaciones,Supervisor_4,0,0.9308469212582686,1,2,7,5,0.835706580907943,2,3.6,0,0.8611474948029247,1
PRACT_0819,2023-10-15,RRHH,Supervisor_5,0,0.9020045999532564,2,0,10,8,0.8685839317259759,2,4.8,1,0.9547921599646421,1
PRACT_0820,2024-03-23,Finanzas,Supervisor_5,0,0.9582568909214811,2,1,17,15,0.8838779675936779,2,3.5,0,0.8907497907875103,0
PRACT_0821,2024-01-25,Operaciones,Supervisor_4,1,0.7445917846561114,10,2,10,6,0.6197859464386778,4,2.8,1,0.8529078066278006,0
PRACT_0822,2021-10-21,TI,Supervisor_4,0,0.9853865993525204,0,1,18,17,0.9524637523387952,1,4.2,0,0.8295822272691058,0
PRACT_0823,2021-07-28,RRHH,Supervisor_4,0,0.9140165433382731,2,1,9,7,0.8290130789280847,2,3.5,0,0.9016694192027274,0
PRACT_0824,2024-09-28,RRHH,Supervisor_4,0,0.9544183148976801,1,0,10,9,0.9794565344271043,1,4.1,1,0.9293931368042617,1
PRACT_0825,2024-01-17,Operaciones,Supervisor_4,0,0.9008008140673783,0,2,8,6,0.80002372898217,2,3.8,0,0.9033696912615852,1
PRACT_0826,2023-03-29,TI,Supervisor_5,1,0.5332827766987553,15,5,9,5,0.5628103741769935,4,2.4,2,0.8556907566339949,0
PRACT_0827,2022-01-25,TI,Supervisor_2,0,0.9054211744205993,2,1,19,17,0.9382699728552325,2,4.5,0,0.9979126563658279,1
PRACT_0828,2021-11-21,Operaciones,Supervisor_2,0,0.9725478034015487,4,1,19,18,0.9968036300392721,1,4.2,1,0.823166931668274,0
PRACT_0829,2023-07-29,Marketing,Supervisor_9,0,0.9081059563877604,0,0,7,6,0.938214721320914,1,3.6,1,0.8259909808153842,1
PRACT_0830,2023-06-08,RRHH,Supervisor_2,0,0.971645298155879,4,2,6,5,0.8585448875679544,1,4.5,1,0.8260648227120243,0
PRACT_0831,2024-03-26,RRHH,Supervisor_6,0,0.9249624704410584,4,0,5,4,0.8324920427673667,1,4.8,1,0.9362354192141056,1
PRACT_0832,2022-10-30,Finanzas,Supervisor_2,0,0.9877712960696939,4,0,10,9,0.9910828329492193,1,4.6,1,0.8745352190991676,1
PRACT_0833,2022-09-25,Operaciones,Supervisor_5,0,0.9813149988363814,3,0,5,4,0.8388932689315389,1,4.7,0,0.9466629322531812,0
PRACT_0834,2022-07-31,Finanzas,Supervisor_4,0,0.9957830217475276,4,2,10,9,0.9647595230870069,1,3.8,1,0.8810942945773957,1
PRACT_0835,2021-05-17,Finanzas,Supervisor_7,0,0.9883762015458032,1,0,15,13,0.8763419638187083,2,4.8,0,0.9255213442664127,1
PRACT_0836,2022-03-04,TI,Supervisor_7,0,0.9933329419116347,2,0,8,7,0.8869968358340926,1,4.0,1,0.9539716011357787,1
PRACT_0837,2022-09-04,RRHH,Supervisor_6,1,0.8005598387796578,8,2,13,6,0.5292115995095216,7,1.5,1,0.7192863642619682,-1
PRACT_0838,2023-06-30,Finanzas,Supervisor_10,0,0.9693381900614856,4,0,5,4,0.9392526950601067,1,4.8,0,0.9079007180900013,0
PRACT_0839,2023-03-30,TI,Supervisor_5,0,0.9170259152125436,2,1,9,8,0.9530137148754074,1,4.9,1,0.8176468650571269,0
PRACT_0840,2021-05-21,Operaciones,Supervisor_1,0,0.9271707518854093,0,1,10,9,0.9649893858921115,1,4.5,1,0.882156348581887,0
PRACT_0841,2024-01-12,Finanzas,Supervisor_3,0,0.9212726966130274,0,1,12,11,0.9792395596558792,1,3.8,1,0.9091554306449875,0
PRACT_0842,2021-06-26,RRHH,Supervisor_9,0,0.9603585787658205,2,2,15,13,0.8962620757116587,2,3.9,1,0.892396165133282,1
PRACT_0843,2021-07-17,Finanzas,Supervisor_1,0,0.9503619937973602,1,1,10,9,0.9500706244816686,1,4.2,1,0.9801564000376851,1
PRACT_0844,2022-09-16,Operaciones,Supervisor_5,1,0.8034779990054483,15,5,17,9,0.5777459213895775,8,2.8,1,0.8626122528477957,-1
PRACT_0845,2022-11-22,Finanzas,Supervisor_2,0,0.9952672866499076,2,0,19,16,0.8793212250701945,3,3.7,1,0.9643834761177523,1
PRACT_0846,2024-12-15,RRHH,Supervisor_4,0,0.9404859889618145,3,1,17,13,0.8005055099663818,4,4.7,1,0.875059615074624,1
PRACT_0847,2022-02-05,TI,Supervisor_1,0,0.9506350553280812,0,1,8,6,0.8357215818647306,2,3.9,0,0.9434598303375069,0
PRACT_0848,2022-04-16,RRHH,Supervisor_3,1,0.8400307248814487,13,5,18,12,0.6884293937150011,6,2.7,5,0.6581153844278439,0
PRACT_0849,2021-08-06,TI,Supervisor_10,0,0.9276238941623144,4,1,5,4,0.8400640972147643,1,4.9,1,0.8465187197951518,1
PRACT_0850,2023-07-18,Marketing,Supervisor_7,0,0.9792390775358814,2,2,14,11,0.8293696338146853,3,4.1,0,0.8685805287101763,1
PRACT_0851,2022-09-24,RRHH,Supervisor_10,0,0.9225239902335246,2,1,11,9,0.8426994787821992,2,4.0,0,0.8141929266571072,0
PRACT_0852,2023-08-09,RRHH,Supervisor_3,0,0.9681460115425272,1,2,18,16,0.922242866239766,2,4.7,0,0.8663555018009295,1
PRACT_0853,2023-06-25,Operaciones,Supervisor_4,0,0.9253615627638564,0,2,13,12,0.9998018923337736,1,4.3,1,0.8921484434522343,0
PRACT_0854,2021-06-24,Finanzas,Supervisor_2,1,0.8093066860909854,14,7,18,11,0.6293691154171306,7,2.5,2,0.8821923579123321,0
PRACT_0855,2021-01-23,TI,Supervisor_3,0,0.9561477943736677,3,1,6,5,0.9586341639988083,1,4.4,0,0.862682117243925,1
PRACT_0856,2021-08-23,TI,Supervisor_9,0,0.9185933640874385,4,2,8,6,0.8221497015661019,2,3.7,1,0.9804907078411041,0
PRACT_0857,2023-11-03,Operaciones,Supervisor_3,0,0.9224369175698486,1,2,11,10,0.9893542962872042,1,4.8,1,0.8457716551646994,1
PRACT_0858,2024-01-30,Operaciones,Supervisor_5,0,0.9493849195708101,0,1,7,6,0.8746609980245775,1,3.8,0,0.8381937795518499,1
PRACT_0859,2023-07-18,Finanzas,Supervisor_2,0,0.9961602025574878,3,2,19,16,0.8847874511787163,3,4.9,1,0.903799091286433,1
PRACT_0860,2022-06-07,Finanzas,Supervisor_4,0,0.9769642163883654,2,1,8,7,0.9313243898946258,1,3.9,0,0.9345022738594813,1
PRACT_0861,2022-03-07,RRHH,Supervisor_7,0,0.9488309642825845,3,0,7,6,0.9376220798501304,1,4.6,0,0.8088664501604563,0
PRACT_0862,2023-03-04,Marketing,Supervisor_7,0,0.9337719144562218,1,2,15,12,0.8384686312950043,3,3.9,0,0.8442131730094433,1
PRACT_0863,2022-06-17,Finanzas,Supervisor_3,0,0.9549268493348443,0,1,16,14,0.9045916555136455,2,4.0,0,0.8911367333002633,1
PRACT_0864,2023-09-06,Operaciones,Supervisor_5,0,0.974836083342862,1,0,5,4,0.9143279446540296,1,4.0,1,0.8662008671966364,0
PRACT_0865,2024-08-09,Finanzas,Supervisor_1,0,0.97839285884528,2,2,13,12,0.9942348810279916,1,4.6,1,0.9425242158696644,1
PRACT_0866,2023-03-21,TI,Supervisor_10,0,0.9324608798096945,2,2,7,6,0.8899454616647564,1,4.3,1,0.9022321192082634,1
PRACT_0867,2023-07-02,Marketing,Supervisor_10,0,0.9721159268213877,0,1,5,4,0.9913593649017262,1,4.8,0,0.83207182112078,0
PRACT_0868,2024-01-30,RRHH,Supervisor_10,0,0.9657788780036186,4,0,11,10,0.9768140218831463,1,4.0,1,0.9788930758630181,0
PRACT_0869,2024-08-20,TI,Supervisor_1,1,0.8356893021987029,12,6,6,3,0.5612817120179239,3,2.5,3,0.6171622701933438,-1
PRACT_0870,2023-05-21,TI,Supervisor_5,1,0.8258816016778052,12,7,18,8,0.46751750365440164,10,2.6,5,0.7924524435857694,0
PRACT_0871,2022-06-24,Marketing,Supervisor_10,0,0.9789379325603578,3,2,19,17,0.9340805782032728,2,3.7,1,0.955983155821082,1
PRACT_0872,2023-10-21,RRHH,Supervisor_9,0,0.9723394688854928,3,2,5,4,0.9055029039777089,1,4.1,0,0.9926315400512205,0
PRACT_0873,2024-10-10,Operaciones,Supervisor_1,0,0.9274041589704276,2,2,19,16,0.8678153696773773,3,4.2,1,0.8997014933048203,1
PRACT_0874,2024-08-19,RRHH,Supervisor_1,0,0.9845965256098533,1,0,10,9,0.9600649718812979,1,4.0,0,0.9231671030928864,0
PRACT_0875,2021-08-15,Finanzas,Supervisor_4,0,0.9427505703713366,1,0,15,12,0.8234543539107821,3,4.0,0,0.8669752586959067,1
PRACT_0876,2024-06-13,TI,Supervisor_4,0,0.9272240542506045,4,1,5,4,0.8434968707725956,1,4.5,1,0.9356358586824133,1
PRACT_0877,2023-05-23,Finanzas,Supervisor_2,0,0.9384160757953462,1,1,10,9,0.9863216190931848,1,3.8,0,0.8926766971732639,1
PRACT_0878,2023-06-11,Operaciones,Supervisor_9,0,0.9835935490016507,3,1,17,15,0.9040179875211669,2,4.6,0,0.8875304729448845,0
PRACT_0879,2023-11-03,Finanzas,Supervisor_9,0,0.9148633215577885,1,2,7,5,0.8279404856583805,2,4.9,0,0.9710935058232211,1
PRACT_0880,2021-07-29,RRHH,Supervisor_2,0,0.9456158741119822,4,1,12,11,0.9557977011799217,1,4.3,1,0.8100337686997378,1
PRACT_0881,2023-01-11,Finanzas,Supervisor_9,0,0.949235759452949,3,0,9,8,0.9459822627584727,1,4.4,1,0.9763924855663737,1
PRACT_0882,2022-02-01,Operaciones,Supervisor_6,0,0.9036629697598819,1,1,9,8,0.9169872236678096,1,3.6,1,0.9704139675657114,1
PRACT_0883,2024-01-29,Operaciones,Supervisor_8,0,0.9195746029548165,3,1,11,9,0.8851011465679377,2,4.8,0,0.9012732507123579,0
PRACT_0884,2021-01-31,Operaciones,Supervisor_10,0,0.9826742428575856,2,0,15,14,0.976397518153226,1,3.9,0,0.8980405708411257,1
PRACT_0885,2023-06-17,RRHH,Supervisor_4,0,0.9830767388594761,2,0,5,4,0.8342581109335346,1,4.4,0,0.872361473607098,1
PRACT_0886,2022-10-11,Operaciones,Supervisor_2,0,0.9292415083884248,2,2,16,15,0.9916697167261884,1,5.0,0,0.9988347583363468,1
PRACT_0887,2021-11-25,TI,Supervisor_2,0,0.9874897234597926,1,0,19,17,0.9107117587674521,2,4.4,1,0.8222338665507682,1
PRACT_0888,2024-04-04,Operaciones,Supervisor_9,0,0.9771782939068347,4,0,8,7,0.9332610646256585,1,4.6,1,0.9180430471257214,1
PRACT_0889,2023-08-10,Finanzas,Supervisor_1,0,0.9417907483795409,3,1,19,16,0.8605458754379415,3,4.2,0,0.9363363180224834,0
PRACT_0890,2024-01-29,Finanzas,Supervisor_7,0,0.9748406344405038,0,0,20,19,0.9510286100232284,1,3.6,1,0.9868660016433889,0
PRACT_0891,2022-09-13,Finanzas,Supervisor_3,0,0.9961334631194806,2,2,6,5,0.9733216457858318,1,4.7,1,0.9560406993713523,0
PRACT_0892,2024-04-11,RRHH,Supervisor_3,1,0.660639401322872,15,6,19,10,0.5465683481754524,9,1.6,2,0.7575388811246188,-1
PRACT_0893,2021-06-11,Finanzas,Supervisor_2,1,0.5834495126337192,13,7,6,2,0.4215658368556611,4,2.6,1,0.5467249267248491,-1
PRACT_0894,2023-02-15,RRHH,Supervisor_10,0,0.9941816500050156,0,0,19,16,0.8679129691127058,3,3.5,1,0.8747467033662935,1
PRACT_0895,2024-07-10,RRHH,Supervisor_6,0,0.9603744288563256,1,2,19,18,0.9502158387804873,1,4.8,1,0.8277683285095971,1
PRACT_0896,2021-10-01,Operaciones,Supervisor_10,0,0.9105265162480426,3,2,18,17,0.9567245484886859,1,3.7,1,0.9762425464931027,1
PRACT_0897,2023-10-24,TI,Supervisor_2,0,0.957268281585669,2,0,15,13,0.9123344414199115,2,4.3,1,0.9499242311127286,1
PRACT_0898,2023-11-18,Operaciones,Supervisor_10,1,0.6752033113069045,14,5,6,2,0.4502102592179954,4,2.4,4,0.8030147147188917,-1
PRACT_0899,2021-11-22,Operaciones,Supervisor_4,0,0.9855588894075563,1,1,10,8,0.8974030783400546,2,4.2,0,0.9304513035547088,0
PRACT_0900,2023-07-29,RRHH,Supervisor_10,0,0.9530695189763522,4,1,15,12,0.821385120489449,3,4.0,1,0.9014087073873419,0
PRACT_0901,2024-03-18,RRHH,Supervisor_9,0,0.9255232434344284,4,1,6,5,0.9743752760797709,1,4.2,1,0.8299942118926995,1
PRACT_0902,2022-06-24,Finanzas,Supervisor_9,0,0.9675644063864889,4,0,7,6,0.9774582003554659,1,4.0,0,0.8659389773410104,0
PRACT_0903,2022-05-03,Finanzas,Supervisor_6,0,0.954257545253558,0,2,14,12,0.8677070154045459,2,4.2,1,0.8273831584953781,0
PRACT_0904,2023-04-02,Operaciones,Supervisor_4,0,0.9233044628266872,2,2,19,16,0.8542968434999717,3,4.0,0,0.9449826285704687,1
PRACT_0905,2023-12-25,Marketing,Supervisor_7,0,0.9573627857942908,0,1,19,15,0.8293261630055163,4,4.3,0,0.832045755204401,1
PRACT_0906,2021-12-22,Marketing,Supervisor_1,1,0.78753745226139,15,6,13,8,0.6591600267964625,5,1.9,5,0.7808454200686743,-1
PRACT_0907,2024-06-29,Finanzas,Supervisor_4,1,0.5099998212034037,10,5,9,6,0.669828046652154,3,3.0,1,0.776902155838362,0
PRACT_0908,2021-08-23,Marketing,Supervisor_5,0,0.9630851038645112,0,2,14,13,0.9626240545242839,1,4.3,1,0.8918608957982578,1
PRACT_0909,2021-08-15,Finanzas,Supervisor_8,0,0.9349585195784392,3,1,20,18,0.9338940007837199,2,3.8,1,0.8270457308236105,1
PRACT_0910,2024-08-29,RRHH,Supervisor_2,0,0.9292671445759424,2,0,8,7,0.9105494895193407,1,4.2,0,0.8629601652268074,1
PRACT_0911,2021-02-18,Operaciones,Supervisor_5,0,0.9392587750361111,1,1,16,13,0.8584805801453395,3,4.8,1,0.8640186218151104,1
PRACT_0912,2021-04-28,TI,Supervisor_6,0,0.9342022664247982,2,0,20,16,0.8233089219997266,4,3.5,0,0.9400770266286587,0
PRACT_0913,2021-02-23,Operaciones,Supervisor_5,0,0.9832239106708441,2,2,18,15,0.8487865127620433,3,4.5,1,0.822748603882745,0
PRACT_0914,2022-07-19,Finanzas,Supervisor_9,0,0.9274797810767901,2,0,15,13,0.8775132676599664,2,4.3,1,0.9658137292432182,0
PRACT_0915,2023-12-04,Finanzas,Supervisor_10,0,0.9733153023106585,3,1,7,6,0.9064339921712362,1,3.8,0,0.9522014580371828,1
PRACT_0916,2021-02-22,Operaciones,Supervisor_1,0,0.9094059820228589,0,1,10,9,0.901292223753416,1,4.7,1,0.8372613836348548,1
PRACT_0917,2022-07-12,Finanzas,Supervisor_3,0,0.9951396372484416,1,2,19,17,0.9291208225689255,2,4.1,0,0.943832876355778,0
PRACT_0918,2024-01-31,Marketing,Supervisor_2,1,0.7178108230369931,5,7,9,4,0.5279169684308276,5,1.9,4,0.7674052725871288,-1
PRACT_0919,2023-05-18,Marketing,Supervisor_3,0,0.970671857704456,0,1,6,5,0.8497027418443022,1,4.7,1,0.9496241600221853,1
PRACT_0920,2022-02-02,Finanzas,Supervisor_10,0,0.9298039332094451,4,1,16,13,0.8716735264664797,3,4.5,1,0.8377857110897389,1
PRACT_0921,2024-03-07,Finanzas,Supervisor_9,1,0.6442337990478402,8,2,7,2,0.4035565879630732,5,2.8,3,0.5630361288625875,-1
PRACT_0922,2022-11-06,Marketing,Supervisor_9,0,0.9223778386270977,4,2,19,17,0.9263982688262937,2,4.4,0,0.8472967971845509,1
PRACT_0923,2022-01-22,Finanzas,Supervisor_10,1,0.8263876300307784,11,6,12,6,0.5694999913545746,6,2.6,4,0.6463486812595902,-1
PRACT_0924,2021-04-21,Finanzas,Supervisor_2,0,0.9488104447101378,3,2,18,17,0.9634961870180281,1,4.8,0,0.9587329962071602,1
PRACT_0925,2022-09-06,Operaciones,Supervisor_3,0,0.963044811565799,0,1,19,17,0.9106667344845542,2,3.6,0,0.94758478749577,0
PRACT_0926,2021-01-17,TI,Supervisor_4,0,0.9734272030530715,0,0,15,13,0.9315901656238829,2,4.7,0,0.9850903184557066,0
PRACT_0927,2024-04-20,Marketing,Supervisor_9,0,0.9371106091099539,3,0,10,8,0.8733417295784488,2,4.4,1,0.8117259118197231,1
PRACT_0928,2023-06-03,Operaciones,Supervisor_3,0,0.9720101654539142,0,1,9,7,0.8113229946269447,2,3.6,1,0.8023112562028372,1
PRACT_0929,2022-06-25,TI,Supervisor_7,0,0.967599248975634,0,0,14,12,0.9060387109000947,2,4.3,1,0.9398277659401598,1
PRACT_0930,2021-06-20,Finanzas,Supervisor_3,0,0.9705659333873946,1,2,10,8,0.8565251211902987,2,3.6,1,0.8558574991588331,1
PRACT_0931,2022-02-13,Finanzas,Supervisor_7,0,0.9489229900204613,4,0,19,18,0.9594153613125513,1,4.6,0,0.8668157791067636,1
PRACT_0932,2023-01-10,Operaciones,Supervisor_7,1,0.634028083802066,7,5,13,8,0.626704533114856,5,2.3,2,0.7187208103658049,-1
PRACT_0933,2024-11-02,Finanzas,Supervisor_9,1,0.5777287658731465,6,3,19,8,0.4331451460198056,11,2.9,3,0.5409652492507194,0
PRACT_0934,2024-04-26,RRHH,Supervisor_2,0,0.9824626352800893,4,0,7,6,0.9055819655887849,1,3.8,1,0.92853888330961,1
PRACT_0935,2023-05-08,Operaciones,Supervisor_6,0,0.9608350046531678,4,0,16,14,0.9150123117632737,2,4.4,0,0.86502948924623,0
PRACT_0936,2021-08-18,TI,Supervisor_9,0,0.9444352196097495,1,1,12,9,0.8170737558653131,3,3.8,0,0.9265430248601983,1
PRACT_0937,2021-04-29,Operaciones,Supervisor_2,0,0.9943995906710611,0,2,8,6,0.806264357044432,2,4.4,1,0.9668013826146772,0
PRACT_0938,2024-03-25,Marketing,Supervisor_2,1,0.5167435843774636,13,3,20,11,0.5847531683263707,9,2.6,1,0.5684445333349719,-1
PRACT_0939,2023-02-23,Operaciones,Supervisor_5,0,0.9850171945205047,4,1,16,14,0.8887476554822329,2,4.6,0,0.9861746185829041,1
PRACT_0940,2022-04-10,Finanzas,Supervisor_10,0,0.9997582592945973,3,1,11,10,0.941338876068503,1,4.7,0,0.9061376282124888,1
PRACT_0941,2021-04-14,Finanzas,Supervisor_10,0,0.9886942110882867,2,0,12,11,0.9451787321167271,1,4.8,0,0.9845855530347937,0
PRACT_0942,2022-11-29,RRHH,Supervisor_10,0,0.9810436585615625,4,0,11,9,0.8684865616764754,2,3.6,1,0.8415460164403556,1
PRACT_0943,2021-06-24,RRHH,Supervisor_8,0,0.9374305993406324,3,0,13,11,0.89048689902351,2,4.0,1,0.9209125329208475,1
PRACT_0944,2023-01-15,RRHH,Supervisor_9,1,0.5809599637918027,14,2,9,3,0.40828892674252454,6,2.5,5,0.6615548469294419,-1
PRACT_0945,2024-12-15,TI,Supervisor_2,0,0.97348505204996,3,2,20,16,0.8361254352323155,4,4.2,1,0.9548444382312027,0
PRACT_0946,2024-03-03,RRHH,Supervisor_5,0,0.9304575366288569,1,0,8,6,0.8121538536792482,2,3.8,0,0.9211817886426593,0
PRACT_0947,2024-11-15,TI,Supervisor_7,0,0.9176039682154971,4,1,11,10,0.9178761876018348,1,4.3,0,0.8989030913916637,0
PRACT_0948,2022-10-27,RRHH,Supervisor_6,1,0.775284060486257,6,3,19,11,0.6191698811300215,8,2.1,4,0.8651941625724036,0
PRACT_0949,2021-02-02,TI,Supervisor_6,1,0.6093902782828527,11,2,17,11,0.6650159461147067,6,2.1,5,0.6508468256686721,-1
PRACT_0950,2021-02-24,Operaciones,Supervisor_7,0,0.9914441729487339,2,0,5,4,0.900654089620117,1,4.7,1,0.8439960409796363,1
PRACT_0951,2022-06-03,Operaciones,Supervisor_3,0,0.9840632644819125,0,1,10,9,0.9736296874508378,1,4.1,0,0.9216202373704183,1
PRACT_0952,2023-01-26,Finanzas,Supervisor_3,0,0.9847640329509255,0,1,20,17,0.8646379569663587,3,3.5,1,0.9248056874345627,1
PRACT_0953,2021-01-12,TI,Supervisor_10,0,0.9771569726055827,2,1,17,16,0.9440156321356005,1,3.6,1,0.8878189243143751,1
PRACT_0954,2022-12-21,Marketing,Supervisor_9,1,0.8083084983211578,10,2,10,4,0.41873480670003455,6,2.8,1,0.6946440174757529,-1
PRACT_0955,2022-07-09,Finanzas,Supervisor_8,0,0.980574689217812,0,2,13,10,0.8104920985823989,3,4.9,1,0.99191068285998,0
PRACT_0956,2022-01-08,Operaciones,Supervisor_5,0,0.9602511363574728,4,0,5,4,0.9455711736100294,1,4.5,0,0.9465371382793603,0
PRACT_0957,2022-04-29,TI,Supervisor_6,0,0.9295822718581863,4,2,6,5,0.8343462325803739,1,4.0,1,0.8221203502965154,1
PRACT_0958,2023-08-31,RRHH,Supervisor_10,0,0.9888209193214149,3,1,11,9,0.8186520240361664,2,4.9,0,0.8424260141741222,1
PRACT_0959,2024-06-05,Marketing,Supervisor_1,0,0.9840603622773192,3,1,12,11,0.9701236417054543,1,4.5,1,0.9951153268871118,1
PRACT_0960,2022-09-15,Operaciones,Supervisor_10,0,0.9472879322210546,1,0,19,18,0.9816264113121261,1,4.8,1,0.9452931107587063,1
PRACT_0961,2021-11-03,Finanzas,Supervisor_1,0,0.9039078686001956,3,0,8,7,0.9799549669118652,1,4.6,1,0.9830090252289306,1
PRACT_0962,2022-04-02,TI,Supervisor_4,0,0.9638543727401914,4,2,13,11,0.8928270374397465,2,4.1,0,0.8607722927977445,1
PRACT_0963,2021-06-09,Marketing,Supervisor_2,0,0.9050596853676582,3,2,16,15,0.9556841223071408,1,4.2,1,0.9483733720173184,1
PRACT_0964,2021-11-27,TI,Supervisor_7,0,0.9926279961848408,0,0,18,16,0.9036815089469152,2,3.8,0,0.9428005417047023,1
PRACT_0965,2023-02-15,RRHH,Supervisor_2,0,0.9961631256625307,1,2,18,14,0.8223190786097597,4,3.9,1,0.858937997087875,0
PRACT_0966,2021-08-13,Finanzas,Supervisor_10,0,0.9189490145899605,1,1,5,4,0.8767018048985479,1,4.7,1,0.9101632650901411,0
PRACT_0967,2023-09-10,TI,Supervisor_2,0,0.967638937805491,4,1,6,4,0.8310626040293413,2,4.8,0,0.9254830222540591,1
PRACT_0968,2022-12-30,Operaciones,Supervisor_5,0,0.9092269004562763,3,0,14,13,0.9735237732378265,1,4.6,1,0.896226362165493,0
PRACT_0969,2023-12-05,Finanzas,Supervisor_4,0,0.9729516928573122,0,2,17,15,0.896450318460485,2,4.2,0,0.9654357413316026,1
PRACT_0970,2024-05-22,Operaciones,Supervisor_8,0,0.9347287666152675,3,1,13,12,0.9948635274408828,1,3.6,0,0.9665738083595979,0
PRACT_0971,2023-12-19,TI,Supervisor_4,0,0.9681050111730445,2,0,6,5,0.9579336925561006,1,3.6,0,0.9701201096603114,0
PRACT_0972,2022-10-06,Finanzas,Supervisor_6,1,0.6305067782207623,12,3,8,4,0.5106032271547434,4,2.1,3,0.8213694276392651,-1
PRACT_0973,2022-09-08,Operaciones,Supervisor_5,0,0.9145567509833236,3,1,14,11,0.8473273481267054,3,4.2,0,0.8976166954394289,0
PRACT_0974,2021-07-14,RRHH,Supervisor_2,0,0.9406109980502558,4,2,10,9,0.9961080608062709,1,4.4,1,0.8762876596298015,0
PRACT_0975,2022-05-04,RRHH,Supervisor_8,0,0.911267352663479,3,2,15,13,0.9235238763107911,2,3.5,0,0.9662752567428741,0
PRACT_0976,2021-06-06,TI,Supervisor_2,0,0.9576883274976946,1,2,20,16,0.836249561213231,4,5.0,1,0.8980402917112534,1
PRACT_0977,2022-09-02,Finanzas,Supervisor_9,0,0.904095153214948,0,0,19,16,0.8431673536260498,3,4.0,0,0.8492742797255964,0
PRACT_0978,2024-06-03,Marketing,Supervisor_9,0,0.9527319679599859,4,1,7,6,0.9478835827331731,1,4.8,0,0.9014687064644433,0
PRACT_0979,2022-02-16,Finanzas,Supervisor_3,0,0.988636864709554,2,0,17,13,0.8072305321082579,4,4.3,1,0.8283699643838485,0
PRACT_0980,2024-05-13,RRHH,Supervisor_4,0,0.9837873270119363,0,1,13,12,0.9277478512578476,1,3.7,1,0.9383258981197597,1
PRACT_0981,2024-01-08,Operaciones,Supervisor_8,0,0.9882781699626497,0,1,7,6,0.9920412414372947,1,4.7,0,0.8671842563247814,1
PRACT_0982,2024-02-22,Marketing,Supervisor_9,0,0.9922048802127107,1,0,10,8,0.8828553695179765,2,4.6,0,0.8521317596894908,1
PRACT_0983,2022-04-16,TI,Supervisor_3,0,0.9104527887875694,1,0,20,18,0.91272331711966,2,4.3,1,0.991301749246949,0
PRACT_0984,2024-05-26,Marketing,Supervisor_5,0,0.9128747202875713,1,1,19,18,0.9733747165598358,1,4.3,1,0.9553761991516615,0
PRACT_0985,2022-05-31,TI,Supervisor_8,0,0.9557006806313129,4,1,15,13,0.9119917805125634,2,3.6,0,0.9574139005447864,1
PRACT_0986,2024-02-02,Marketing,Supervisor_3,0,0.9893972668424429,3,1,8,7,0.9097877357037351,1,4.5,0,0.9247443938558367,1
PRACT_0987,2022-01-28,TI,Supervisor_7,0,0.9974349456524031,0,2,10,8,0.8865148530006701,2,4.9,0,0.9678345621020594,0
PRACT_0988,2022-09-23,TI,Supervisor_8,0,0.904626191734,3,1,6,5,0.8401702432102233,1,3.6,1,0.9518324962326763,1
PRACT_0989,2022-08-31,Marketing,Supervisor_10,0,0.935577408420066,3,0,6,4,0.8225109014731032,2,3.9,0,0.9197547408267233,0
PRACT_0990,2023-09-07,Marketing,Supervisor_3,1,0.5745129891309977,14,1,11,5,0.49148039130929827,6,2.9,2,0.8844497607406869,-1
PRACT_0991,2022-03-10,TI,Supervisor_2,0,0.9755965848931248,3,0,5,4,0.8951154819436933,1,3.9,1,0.8383189899368846,1
PRACT_0992,2024-09-16,RRHH,Supervisor_10,0,0.9640193868537033,0,1,11,9,0.819773267691203,2,4.5,0,0.9886759437989502,1
PRACT_0993,2024-03-12,Marketing,Supervisor_7,0,0.9119888031483846,0,1,19,16,0.8520786027222045,3,4.3,0,0.880287632399773,0
PRACT_0994,2022-06-24,Finanzas,Supervisor_9,0,0.9483522067364971,2,2,7,6,0.9074669649686156,1,4.4,1,0.9056797966802973,0
PRACT_0995,2021-10-05,Operaciones,Supervisor_1,0,0.9685440522371291,4,2,8,7,0.9452714035428166,1,4.1,0,0.8245478639088618,1
PRACT_0996,2021-08-21,TI,Supervisor_3,0,0.9779005393924037,3,0,19,18,0.9655358814407081,1,3.9,0,0.9080214877843582,1
PRACT_0997,2024-01-19,TI,Supervisor_5,1,0.507018448424403,9,3,11,6,0.5629862427140462,5,1.6,4,0.7444827007432774,0
PRACT_0998,2024-05-07,Operaciones,Supervisor_3,0,0.989046957398389,4,2,13,12,0.9907144447670317,1,4.6,0,0.9995403083617048,1
PRACT_0999,2021-12-28,RRHH,Supervisor_1,1,0.6992484840326836,11,1,12,5,0.46230522861927925,7,2.6,4,0.8900769644286106,-1
PRACT_1000,2021-01-26,Operaciones,Supervisor_7,0,0.9811909114959905,4,1,16,14,0.9289433675629486,2,4.5,0,0.9932794583748574,0
PRACT_1001,2023-11-15,Marketing,Supervisor_7,0,0.9807938030014284,0,2,19,18,0.966884569168869,1,4.5,1,0.8696776120204115,0
PRACT_1002,2024-11-18,Operaciones,Supervisor_10,0,0.918985266027097,3,1,10,9,0.9962656582276885,1,3.9,1,0.9982532997490087,1
PRACT_1003,2022-05-22,TI,Supervisor_8,1,0.5385602420887716,10,4,18,8,0.4451622439793608,10,1.5,3,0.6821912606380444,-1
PRACT_1004,2024-08-17,Operaciones,Supervisor_5,0,0.9721287268973826,2,0,17,14,0.8814669841006522,3,4.7,1,0.9703672517523801,0
PRACT_1005,2024-09-24,Finanzas,Supervisor_10,1,0.5547494215875667,9,1,15,7,0.4987821517420263,8,2.2,3,0.5865279876075888,0
PRACT_1006,2021-09-24,Marketing,Supervisor_5,0,0.9849937491404723,2,2,10,8,0.8084537988471869,2,4.0,1,0.9011666359313205,0
PRACT_1007,2022-04-06,Operaciones,Supervisor_5,0,0.9726189483862105,0,0,16,15,0.9410040069737624,1,3.7,1,0.9932024192255211,0
PRACT_1008,2022-04-01,TI,Supervisor_1,1,0.7946388775278419,13,5,16,6,0.40974439661076845,10,1.6,2,0.878812558769371,-1
PRACT_1009,2024-10-15,Marketing,Supervisor_10,0,0.9299012679609346,1,0,8,7,0.9154818896587634,1,4.0,1,0.9367469755642853,1
PRACT_1010,2023-12-28,TI,Supervisor_5,0,0.9316598060410569,4,2,10,9,0.9593097108092997,1,4.7,1,0.959562864510612,0
PRACT_1011,2023-10-04,RRHH,Supervisor_6,0,0.9671221556346318,1,2,19,15,0.8307975980554914,4,4.9,1,0.8352853393204803,0
PRACT_1012,2023-05-13,Finanzas,Supervisor_1,1,0.5110060842706317,7,3,12,8,0.6921806722313282,4,2.8,2,0.7886634197936631,-1
PRACT_1013,2024-12-06,RRHH,Supervisor_7,1,0.7542738612180979,12,5,14,6,0.4699282212586169,8,2.9,3,0.7472203233341489,-1
PRACT_1014,2022-05-06,Finanzas,Supervisor_1,0,0.9835783070854601,3,1,19,17,0.9219962985628943,2,4.9,1,0.8183103471502493,1
PRACT_1015,2023-12-09,Operaciones,Supervisor_2,0,0.9415163586604104,1,0,15,13,0.8763151838104364,2,4.3,0,0.8226318013179353,0
PRACT_1016,2022-07-18,Marketing,Supervisor_2,1,0.767707590530964,13,7,12,7,0.6023323214100605,5,1.8,2,0.5433774471005047,-1
PRACT_1017,2024-01-31,Operaciones,Supervisor_5,0,0.9174610916982262,4,1,5,4,0.9059156833028501,1,4.7,1,0.9448713869659672,1
PRACT_1018,2021-08-04,Finanzas,Supervisor_10,0,0.9322260393819485,2,1,5,4,0.836212579823193,1,3.8,0,0.8283430416495146,0
PRACT_1019,2022-07-13,Finanzas,Supervisor_7,1,0.8410067370886671,10,3,16,6,0.43016708631191486,10,1.9,1,0.6870929084457882,0
PRACT_1020,2021-06-08,Finanzas,Supervisor_1,0,0.9986328173560126,0,1,17,15,0.9250795259760826,2,3.8,0,0.8713963611755515,1
PRACT_1021,2022-05-04,TI,Supervisor_10,0,0.9512605053021588,3,1,6,5,0.8540836820804487,1,4.3,1,0.9101008281540436,0
PRACT_1022,2022-11-17,Marketing,Supervisor_1,0,0.9934269791463877,4,2,7,6,0.9678741727075781,1,4.0,0,0.9412952974438806,1
PRACT_1023,2024-06-19,Operaciones,Supervisor_1,1,0.6829557373198991,12,4,8,4,0.5069096779963115,4,1.7,2,0.7738890148885329,0
PRACT_1024,2023-03-05,Operaciones,Supervisor_6,1,0.6020558448564051,8,2,14,6,0.45089832437701566,8,2.2,2,0.7062079663657507,0
PRACT_1025,2021-01-05,RRHH,Supervisor_2,1,0.5934147508345702,8,4,16,10,0.6647946291458511,6,2.8,3,0.6857339494441542,-1
PRACT_1026,2021-12-27,Finanzas,Supervisor_1,0,0.9929505705368149,4,1,18,15,0.8454382506364433,3,4.4,0,0.8795631190244517,0
PRACT_1027,2022-04-04,Finanzas,Supervisor_6,1,0.5603562361408507,10,7,15,7,0.5074724950110953,8,2.8,5,0.8447639793217518,-1
PRACT_1028,2021-09-05,Finanzas,Supervisor_2,1,0.7028713603706364,15,2,6,4,0.6906578006403365,2,1.8,5,0.632340721949058,-1
PRACT_1029,2023-08-04,Operaciones,Supervisor_6,0,0.955552506806272,4,1,10,9,0.9192892497797689,1,3.8,1,0.851873164233499,1
PRACT_1030,2022-02-26,RRHH,Supervisor_10,1,0.7588675896285482,5,6,11,5,0.4577728292040521,6,2.4,4,0.7973261974621085,-1
PRACT_1031,2021-01-15,TI,Supervisor_8,0,0.9499242907524775,1,1,18,17,0.9951246740964643,1,4.2,0,0.8719526923393454,1
PRACT_1032,2023-01-06,Marketing,Supervisor_2,0,0.9272285660708134,2,2,15,12,0.8212611642625903,3,4.5,1,0.9693997199514537,0
PRACT_1033,2024-02-20,TI,Supervisor_9,0,0.9169396499631579,4,0,17,14,0.8256035417283332,3,4.7,1,0.865577743727429,1
PRACT_1034,2021-10-04,Operaciones,Supervisor_8,0,0.9620818803505892,4,0,6,4,0.8328228879191582,2,4.6,1,0.9403889649149176,1
PRACT_1035,2022-03-29,Finanzas,Supervisor_10,0,0.9718990756853233,2,1,12,11,0.9954777886416482,1,4.9,1,0.8090218012570672,1
PRACT_1036,2024-11-14,Marketing,Supervisor_1,0,0.9569521278682033,1,2,17,15,0.8923318361522831,2,4.1,0,0.877112576022064,1
PRACT_1037,2024-08-10,Operaciones,Supervisor_7,0,0.9738351277121194,3,2,8,7,0.8857295681557431,1,3.8,1,0.8686460349935103,1
PRACT_1038,2022-08-21,Operaciones,Supervisor_10,0,0.914152120244996,0,1,8,6,0.8401741471383316,2,4.3,0,0.9633357478551847,1
PRACT_1039,2022-03-22,Operaciones,Supervisor_6,0,0.9882470194943136,4,0,19,16,0.874998428989318,3,3.7,0,0.993411080645662,1
PRACT_1040,2021-07-29,Marketing,Supervisor_6,0,0.9582395508408503,1,1,17,15,0.9269903031521963,2,3.9,0,0.8921762553385923,1
PRACT_1041,2022-12-15,Marketing,Supervisor_6,0,0.9126843926892597,0,2,19,15,0.8036399184302105,4,3.8,1,0.9649672554307516,1
PRACT_1042,2021-10-29,RRHH,Supervisor_6,0,0.9461925204205736,2,2,7,6,0.993906508307004,1,4.1,1,0.9399389401914731,0
PRACT_1043,2024-05-31,RRHH,Supervisor_10,0,0.9844791737865911,4,0,17,13,0.8064129042968343,4,3.7,0,0.9934771975327387,1
PRACT_1044,2021-01-03,TI,Supervisor_7,0,0.989756219345316,3,2,18,16,0.905126205600074,2,3.5,1,0.9622217028685649,1
PRACT_1045,2023-09-17,Marketing,Supervisor_3,1,0.5926273267495665,15,3,7,2,0.4263308691303024,5,2.5,5,0.5309912263854922,-1
PRACT_1046,2024-01-22,Marketing,Supervisor_6,0,0.9711265824710453,4,2,5,4,0.9163582529555421,1,4.4,1,0.9426563444764473,1
PRACT_1047,2022-06-04,Marketing,Supervisor_3,0,0.9099985247483777,1,0,17,15,0.9133798470063635,2,4.6,1,0.9070999430844747,0
PRACT_1048,2024-12-22,RRHH,Supervisor_7,0,0.9033545871412157,0,2,18,16,0.9084891612154414,2,4.5,1,0.8032872115864654,1
PRACT_1049,2022-05-08,Operaciones,Supervisor_7,1,0.69613963383698,5,2,12,7,0.6054563437536747,5,1.7,1,0.6005251834901775,0
PRACT_1050,2024-06-12,Finanzas,Supervisor_8,0,0.9694827579328126,4,0,11,10,0.9309662716788007,1,3.9,1,0.9843510490053786,1
PRACT_1051,2022-09-12,RRHH,Supervisor_2,1,0.7785253559117757,15,6,14,8,0.607700849472917,6,1.7,5,0.8704245491147011,0
PRACT_1052,2024-03-30,Marketing,Supervisor_9,0,0.9340216238455334,3,1,19,17,0.910365644844717,2,4.8,0,0.9597700920401269,0
PRACT_1053,2021-11-27,RRHH,Supervisor_5,1,0.5022838936501104,14,4,5,2,0.5085399039589169,3,2.6,4,0.8927118413111959,0
PRACT_1054,2021-11-29,TI,Supervisor_9,0,0.9479519237111353,4,0,8,6,0.8343025995296045,2,3.8,1,0.9613090449248409,0
PRACT_1055,2021-02-19,Marketing,Supervisor_10,1,0.5055487408807484,6,2,6,3,0.5182739124521784,3,2.0,1,0.504081674914098,-1
PRACT_1056,2023-05-13,TI,Supervisor_5,0,0.90919845106708,0,0,16,13,0.8404957128282761,3,4.9,1,0.8575668680603024,1
PRACT_1057,2021-09-29,Marketing,Supervisor_7,0,0.9326689022531749,3,1,18,15,0.8753279703594392,3,4.4,0,0.8061248364475526,1
PRACT_1058,2022-08-03,RRHH,Supervisor_9,0,0.9437172049560177,1,0,12,11,0.9226914853262514,1,4.7,0,0.818821593747512,0
PRACT_1059,2024-06-29,Operaciones,Supervisor_4,0,0.9279469441229649,4,2,6,5,0.852644280573427,1,3.9,0,0.8437681633901553,1
PRACT_1060,2022-07-14,Finanzas,Supervisor_2,0,0.9581865266504708,3,2,5,4,0.9990105504958495,1,3.8,1,0.9007117092651045,1
PRACT_1061,2022-11-27,TI,Supervisor_9,1,0.5193724262263333,11,2,10,5,0.5060108378625253,5,2.7,3,0.839012801384807,0
PRACT_1062,2024-01-19,RRHH,Supervisor_2,1,0.5506028985838547,15,3,7,4,0.6656316293086917,3,2.5,3,0.8447867024628433,-1
PRACT_1063,2022-03-22,Operaciones,Supervisor_3,0,0.9695258400755433,4,0,17,15,0.8922541066304543,2,4.5,1,0.9232403717114593,1
PRACT_1064,2023-10-14,RRHH,Supervisor_10,0,0.9142140853597918,1,1,17,14,0.856365135819937,3,4.3,1,0.985635187813247,1
PRACT_1065,2024-09-17,TI,Supervisor_2,0,0.9639775201570423,3,2,11,10,0.9909332202250334,1,4.3,1,0.9000124653180417,0
PRACT_1066,2024-03-08,Finanzas,Supervisor_3,0,0.9054684620753366,4,2,15,12,0.822454551665782,3,4.6,1,0.9778072088266403,1
PRACT_1067,2021-12-23,RRHH,Supervisor_6,0,0.9407382279119141,3,1,18,16,0.9021030186777297,2,3.9,1,0.8908130512664024,1
PRACT_1068,2021-10-01,Marketing,Supervisor_3,0,0.9177409470121183,3,2,14,12,0.922149698990862,2,4.0,1,0.8554450014843765,0
PRACT_1069,2023-11-09,Operaciones,Supervisor_10,0,0.9109636282535186,3,2,11,10,0.9345546629458215,1,4.8,1,0.9832825836200856,0
PRACT_1070,2021-11-07,RRHH,Supervisor_8,0,0.9567032783501228,1,1,12,10,0.8525628549105884,2,4.0,1,0.8775870151357739,0
PRACT_1071,2023-05-20,Operaciones,Supervisor_6,0,0.9928335772005622,4,2,8,6,0.8600779607919943,2,4.3,0,0.9006808217688923,1
PRACT_1072,2023-06-05,Marketing,Supervisor_7,0,0.9054787047923549,0,2,5,4,0.8701298565908038,1,4.6,0,0.8657721265061354,1
PRACT_1073,2021-06-03,Finanzas,Supervisor_1,0,0.9421554248218035,0,2,14,11,0.8204344646071162,3,5.0,0,0.932567520058146,1
PRACT_1074,2024-11-14,Finanzas,Supervisor_3,0,0.9707535437745444,1,2,15,12,0.8359056584987334,3,4.2,0,0.9990062450012072,1
PRACT_1075,2024-07-07,Marketing,Supervisor_3,1,0.6619407410907394,11,4,12,5,0.4792081287090742,7,2.1,5,0.5102054195459078,-1
PRACT_1076,2022-09-12,Operaciones,Supervisor_2,0,0.9806495946105245,1,1,19,15,0.8280534426918338,4,4.8,1,0.9799696012014203,1
PRACT_1077,2023-06-02,RRHH,Supervisor_7,0,0.9179645315864132,3,0,20,17,0.8598232263223916,3,4.7,1,0.8007852113978531,0
PRACT_1078,2023-03-08,Marketing,Supervisor_9,0,0.9959594205027741,4,0,12,10,0.9086978915417268,2,4.6,1,0.8728455762292422,0
PRACT_1079,2021-05-05,TI,Supervisor_4,0,0.9385162627772541,4,2,14,12,0.9088502754551148,2,4.2,1,0.8337213612579029,1
PRACT_1080,2024-10-09,Operaciones,Supervisor_5,1,0.6195493715304963,7,3,20,8,0.415381099738946,12,2.0,3,0.8029367122690205,-1
PRACT_1081,2024-07-20,Finanzas,Supervisor_3,0,0.9874605794503166,2,0,14,13,0.9815925437042101,1,4.4,0,0.8101221681514348,1
PRACT_1082,2022-09-11,Marketing,Supervisor_9,0,0.9563867031891766,0,2,6,5,0.912326506656876,1,4.8,1,0.9106969907168656,1
PRACT_1083,2021-09-02,Finanzas,Supervisor_4,0,0.9516444341902821,2,0,17,15,0.9123510905088781,2,4.8,0,0.8589852267690625,0
PRACT_1084,2023-04-28,Operaciones,Supervisor_5,1,0.7544422718349508,15,2,11,5,0.5302710089834187,6,1.7,3,0.5534680995458808,0
PRACT_1085,2022-03-26,Finanzas,Supervisor_1,1,0.7029419833983817,13,2,7,4,0.6177559253015185,3,2.1,2,0.8087272848410563,-1
PRACT_1086,2023-07-19,Marketing,Supervisor_2,0,0.9162515644757115,0,1,13,10,0.8438736130130541,3,4.2,1,0.8434833668510514,0
PRACT_1087,2024-06-24,Operaciones,Supervisor_9,0,0.967419762286493,2,1,12,10,0.8774994757137929,2,5.0,0,0.8447350424109878,1
PRACT_1088,2022-06-04,TI,Supervisor_2,0,0.9133468879282128,4,1,7,6,0.8838400014541469,1,4.5,0,0.8550153570275847,1
PRACT_1089,2024-03-10,Marketing,Supervisor_5,1,0.7820501968669217,7,2,17,11,0.6883311624911609,6,2.1,5,0.734706705531211,0
PRACT_1090,2021-12-28,RRHH,Supervisor_8,0,0.9989736597712271,3,0,18,14,0.8186427851785397,4,3.5,1,0.9319331863381497,1
PRACT_1091,2021-01-08,Marketing,Supervisor_3,1,0.6320856687411717,11,3,10,5,0.5718265699854564,5,2.3,3,0.507041009480538,-1
PRACT_1092,2022-04-23,Operaciones,Supervisor_6,0,0.9444755898202013,3,0,12,10,0.8374290062924452,2,3.6,0,0.8483739272227581,0
PRACT_1093,2024-10-07,Marketing,Supervisor_4,0,0.9046433655482813,3,1,17,14,0.8672072661655197,3,4.8,1,0.8861941685010566,1
PRACT_1094,2022-05-10,TI,Supervisor_7,0,0.9013733188082579,1,2,10,8,0.8471284663999374,2,4.6,0,0.8663953904322467,1
PRACT_1095,2023-04-13,TI,Supervisor_10,0,0.9921419334876328,3,2,7,6,0.8788688286467015,1,4.2,1,0.9768341317021773,0
PRACT_1096,2024-12-21,RRHH,Supervisor_3,0,0.9128624060439192,4,1,18,17,0.991780920969041,1,4.1,0,0.9575417461772837,0
PRACT_1097,2023-11-29,Finanzas,Supervisor_6,0,0.944577874755947,1,1,15,12,0.861144599860646,3,4.8,0,0.9251780431077655,1
PRACT_1098,2022-08-16,Operaciones,Supervisor_10,0,0.9815354623855561,1,1,10,8,0.8145367822005246,2,3.9,1,0.867608483199408,1
PRACT_1099,2021-07-06,Operaciones,Supervisor_9,0,0.9889318759928319,3,1,16,15,0.9643080764393233,1,3.9,0,0.9401344689692319,1
PRACT_1100,2023-01-24,Finanzas,Supervisor_10,0,0.9519397685283468,2,1,5,4,0.9699951534219191,1,4.9,1,0.9687276025691589,0
PRACT_1101,2021-04-03,TI,Supervisor_1,0,0.9565032524975949,0,1,8,7,0.9932636983814199,1,4.7,1,0.9189660754717973,0
PRACT_1102,2021-03-27,TI,Supervisor_3,1,0.7343893903621453,7,7,5,2,0.5035612093119353,3,2.7,3,0.8137845867573517,-1
PRACT_1103,2023-12-04,Marketing,Supervisor_2,1,0.8364838645503003,15,4,9,4,0.5069180503594871,5,1.8,2,0.7996419845598992,-1
PRACT_1104,2021-05-17,RRHH,Supervisor_8,1,0.7109344863305768,6,2,17,9,0.5527341077466638,8,1.7,1,0.7286949244641289,-1
PRACT_1105,2022-02-25,RRHH,Supervisor_7,1,0.6958163408097212,6,6,10,4,0.491923500206184,6,1.5,2,0.6248732867286044,0
PRACT_1106,2021-03-15,RRHH,Supervisor_2,0,0.9014534135265991,1,2,11,9,0.9009153935785601,2,3.9,0,0.9491564316002543,1
PRACT_1107,2024-03-25,Marketing,Supervisor_6,0,0.9080949702022356,4,0,11,9,0.9083739886106305,2,4.7,1,0.8413592732715214,0
PRACT_1108,2024-07-02,RRHH,Supervisor_3,0,0.9577171626623996,4,1,10,9,0.9680672476442167,1,3.9,1,0.9558976692943068,1
PRACT_1109,2021-06-20,Finanzas,Supervisor_8,0,0.9936240387807204,0,2,11,10,0.9808708680500628,1,4.6,1,0.9609093384285066,1
PRACT_1110,2021-06-19,Marketing,Supervisor_10,0,0.9866691348399395,1,2,8,7,0.9350287708887697,1,3.9,0,0.9644289759140746,1
PRACT_1111,2023-05-22,Finanzas,Supervisor_3,1,0.8439026230472716,8,1,13,8,0.653326908178099,5,2.1,3,0.689166388391383,0
PRACT_1112,2021-11-18,Marketing,Supervisor_10,0,0.9527834037561274,1,1,20,19,0.9853001238088442,1,5.0,0,0.8384961535540844,0
PRACT_1113,2022-04-01,RRHH,Supervisor_9,0,0.9787930938437767,4,1,10,8,0.8972700230218991,2,3.9,0,0.8199447200132138,0
PRACT_1114,2023-08-02,Finanzas,Supervisor_1,0,0.9840400331489341,1,1,15,12,0.8626950579868203,3,4.1,0,0.9486722500975848,1
PRACT_1115,2023-03-01,Finanzas,Supervisor_5,0,0.9648031657330862,4,2,7,6,0.9881290686721047,1,4.0,0,0.9772522769059626,1
PRACT_1116,2022-09-05,Finanzas,Supervisor_3,0,0.9338749904214507,1,1,19,16,0.8720756243113139,3,3.7,1,0.9301676717673814,0
PRACT_1117,2024-03-24,Marketing,Supervisor_6,0,0.9469978434657794,3,1,16,13,0.8477857634155718,3,4.2,0,0.828832012077674,1
PRACT_1118,2023-06-08,Operaciones,Supervisor_10,1,0.8002709752852487,12,4,14,8,0.6351749529037608,6,2.1,3,0.8739585794070297,0
PRACT_1119,2021-12-15,RRHH,Supervisor_2,0,0.9298547925982165,0,1,14,11,0.8011759138684902,3,4.5,0,0.9978204029078639,0
PRACT_1120,2024-04-11,Finanzas,Supervisor_9,0,0.9923743131266649,3,1,12,10,0.846815240796823,2,4.7,0,0.8866757219869844,1
PRACT_1121,2021-01-10,Operaciones,Supervisor_6,1,0.5804322194979328,9,1,8,4,0.5711128601046471,4,2.3,5,0.7379301157095085,-1
PRACT_1122,2023-01-10,RRHH,Supervisor_7,1,0.7623307453048732,15,5,14,6,0.43282912145079383,8,1.5,5,0.8108914080006631,0
PRACT_1123,2024-07-12,RRHH,Supervisor_5,1,0.7206957320210083,14,4,11,7,0.655011956497958,4,2.4,2,0.794555916020018,-1
PRACT_1124,2024-06-24,Finanzas,Supervisor_9,1,0.7623598043922668,5,5,9,4,0.5297043215014394,5,1.6,3,0.8871148767733796,-1
PRACT_1125,2022-10-29,Finanzas,Supervisor_1,0,0.9437347572432595,1,1,6,5,0.9452943086991663,1,4.4,0,0.8229766182157578,1
PRACT_1126,2022-06-30,Marketing,Supervisor_5,0,0.9932641062553984,1,1,15,14,0.9350647053614332,1,4.5,0,0.9161449732285611,1
PRACT_1127,2021-05-09,Operaciones,Supervisor_10,0,0.9632472202411477,3,2,12,11,0.9293214473678587,1,3.8,0,0.9383862839346184,1
PRACT_1128,2022-08-24,Operaciones,Supervisor_6,0,0.9288295804554256,0,2,5,4,0.9387269681455297,1,4.7,1,0.978019684837534,0
PRACT_1129,2022-08-28,Finanzas,Supervisor_7,0,0.9638455070652143,2,2,6,5,0.9468299194608302,1,4.9,0,0.9748219255436301,1
PRACT_1130,2021-11-23,RRHH,Supervisor_4,0,0.9286815747207031,1,1,5,4,0.8469858386058287,1,4.7,1,0.9955999587122579,1
PRACT_1131,2023-09-07,Finanzas,Supervisor_1,0,0.9293632391759874,0,0,7,5,0.8019941943113246,2,4.0,1,0.9024156907875358,1
PRACT_1132,2022-02-08,RRHH,Supervisor_8,0,0.9399598511620868,2,0,18,16,0.9404071336964285,2,4.4,1,0.9661521733626454,1
PRACT_1133,2022-09-21,RRHH,Supervisor_10,0,0.9852430417569119,1,0,12,10,0.8678347240004488,2,4.9,0,0.8854563416254656,0
PRACT_1134,2024-10-14,Finanzas,Supervisor_4,0,0.9500297874393993,0,1,11,9,0.8672156775484476,2,4.0,1,0.8844627755712064,0
PRACT_1135,2022-12-19,TI,Supervisor_3,0,0.9678900842230207,3,0,20,16,0.8242256053995507,4,4.7,1,0.8506696728945718,1
PRACT_1136,2023-11-07,Operaciones,Supervisor_7,0,0.9391967740274463,1,2,10,8,0.8967360891515733,2,3.5,1,0.9636474574038459,0
PRACT_1137,2021-10-01,RRHH,Supervisor_2,1,0.5922619039324085,6,3,8,3,0.4946719924539925,5,1.5,4,0.8943260423254062,0
PRACT_1138,2022-11-16,RRHH,Supervisor_8,0,0.9954640160716232,0,0,11,9,0.8677279389372937,2,4.6,0,0.8512683456694516,1
PRACT_1139,2021-04-26,TI,Supervisor_6,0,0.9603581247123063,1,2,19,18,0.9739598307184433,1,4.6,0,0.8112263176042145,1
PRACT_1140,2023-05-11,Marketing,Supervisor_7,0,0.9933951338582718,2,0,10,8,0.8531492752373323,2,4.7,1,0.9631084874838015,1
PRACT_1141,2022-11-24,TI,Supervisor_5,1,0.5711945507694103,14,1,16,6,0.41406947228355034,10,2.9,1,0.7480920210139025,-1
PRACT_1142,2024-01-20,TI,Supervisor_9,0,0.9146894163912933,4,2,6,4,0.8073139624725917,2,3.7,1,0.9919397601102009,1
PRACT_1143,2024-01-11,RRHH,Supervisor_5,0,0.9855822907123903,2,2,8,6,0.806880725542859,2,3.8,1,0.8504478438153905,0
PRACT_1144,2021-11-20,Operaciones,Supervisor_5,0,0.9680917212617252,0,2,18,15,0.8650937977353246,3,4.9,0,0.8142055316002562,0
PRACT_1145,2023-08-19,TI,Supervisor_3,0,0.9186578499253641,2,2,12,10,0.8368393059326473,2,3.8,0,0.8984884521733003,0
PRACT_1146,2021-04-24,Marketing,Supervisor_1,1,0.5942758952322382,9,5,8,4,0.574355602819634,4,2.5,3,0.534186409186059,-1
PRACT_1147,2023-12-18,Finanzas,Supervisor_2,0,0.9800663941525312,4,2,7,6,0.9369590804300306,1,4.3,1,0.8523580002205415,1
PRACT_1148,2021-06-03,TI,Supervisor_8,0,0.9453868619995937,1,2,15,14,0.9477305301176284,1,3.6,1,0.8251955721638337,0
PRACT_1149,2024-11-28,TI,Supervisor_1,1,0.7346891772771318,14,6,16,11,0.6959279638430589,5,1.9,5,0.5896528718640315,-1
PRACT_1150,2024-07-13,Marketing,Supervisor_7,1,0.6114232077476038,10,3,18,8,0.450367807541504,10,2.3,1,0.5424578611285568,-1
PRACT_1151,2021-11-11,Operaciones,Supervisor_5,0,0.9381229952774877,3,2,12,11,0.9938743355459747,1,4.8,0,0.9907811998854571,1
PRACT_1152,2023-12-01,TI,Supervisor_3,1,0.8467493955180867,12,1,19,11,0.5803925091444112,8,2.6,4,0.6114250853798942,-1
PRACT_1153,2021-04-15,TI,Supervisor_7,0,0.9247617087174719,2,0,14,13,0.9700384800390508,1,4.4,0,0.8887795171985131,1
PRACT_1154,2024-05-01,Operaciones,Supervisor_9,0,0.9506456377036514,3,1,15,13,0.9079013147968591,2,4.2,0,0.9797223615268444,1
PRACT_1155,2024-11-25,Marketing,Supervisor_2,0,0.9844402343190533,4,2,8,6,0.8286841205080447,2,3.9,1,0.9354643175922949,1
PRACT_1156,2024-07-25,TI,Supervisor_8,0,0.9239223213665858,1,2,18,17,0.9708031060910919,1,3.7,0,0.9236074961123548,0
PRACT_1157,2021-12-20,Operaciones,Supervisor_9,0,0.9415213756684331,1,2,15,13,0.8705755696664237,2,4.1,0,0.9411126380721675,1
PRACT_1158,2023-10-13,TI,Supervisor_3,1,0.7152819505794958,12,7,13,7,0.5863375897272487,6,1.5,2,0.8315289028421528,-1
PRACT_1159,2023-01-03,Finanzas,Supervisor_2,1,0.6684158530162858,10,3,9,5,0.6370497447792849,4,1.8,4,0.8510677071407045,-1
PRACT_1160,2022-12-10,RRHH,Supervisor_7,0,0.9459502266570318,1,2,17,16,0.9913776885265932,1,4.1,1,0.9285279341330053,1
PRACT_1161,2024-07-03,Finanzas,Supervisor_5,1,0.6268784059627432,5,2,20,8,0.40663860232647453,12,2.1,1,0.8560029098776232,0
PRACT_1162,2022-10-13,TI,Supervisor_5,0,0.9586646327774925,4,2,19,16,0.8583027716688707,3,3.6,0,0.9070795054850954,1
PRACT_1163,2023-04-04,Marketing,Supervisor_10,0,0.962437269792361,1,2,10,8,0.8889250480123085,2,4.4,1,0.8554581712536847,1
PRACT_1164,2023-08-05,RRHH,Supervisor_5,0,0.9653289540901363,4,2,7,5,0.8228496906516113,2,4.3,1,0.9760153417767689,1
PRACT_1165,2022-10-23,Finanzas,Supervisor_4,0,0.9070368107906029,1,1,20,18,0.9276310130973662,2,3.6,0,0.9082945654826174,0
PRACT_1166,2021-04-09,Operaciones,Supervisor_5,1,0.7208619614992171,12,3,18,8,0.49715488922375345,10,2.9,4,0.8624550350268938,-1
PRACT_1167,2022-08-11,Marketing,Supervisor_4,1,0.8336330125734315,15,2,17,11,0.6734738803756657,6,1.6,2,0.5160671255802325,-1
PRACT_1168,2021-10-09,Finanzas,Supervisor_6,0,0.9540986235528084,4,0,11,10,0.9454484639139958,1,4.8,0,0.8795031503082471,0
PRACT_1169,2022-02-07,Operaciones,Supervisor_4,0,0.9715267082509245,3,2,20,17,0.8626322285724358,3,3.5,0,0.9895610036724937,1
PRACT_1170,2024-02-07,TI,Supervisor_2,0,0.9556732307759218,0,1,14,12,0.9033601189381248,2,4.8,1,0.8499300185516606,1
PRACT_1171,2022-12-01,Operaciones,Supervisor_9,0,0.9854740618591978,3,0,12,11,0.935599007511779,1,3.5,1,0.9883072492076985,0
PRACT_1172,2021-07-18,Finanzas,Supervisor_2,1,0.825354083109149,11,6,5,3,0.6506087062536677,2,2.6,3,0.8815609844517001,0
PRACT_1173,2024-08-19,Finanzas,Supervisor_9,0,0.918421989929636,4,1,19,16,0.852473917057795,3,4.0,1,0.9764284628451723,0
PRACT_1174,2021-11-23,TI,Supervisor_10,0,0.9436860036557126,1,0,8,7,0.9082060578125624,1,4.6,0,0.9127336090186597,1
PRACT_1175,2021-06-03,Operaciones,Supervisor_6,0,0.9392382100932721,4,2,6,5,0.8928540809927921,1,4.1,0,0.9293878898161277,1
PRACT_1176,2022-07-06,Operaciones,Supervisor_9,0,0.9405215123299279,0,2,18,16,0.9025446402147105,2,3.6,1,0.9739233996899739,1
PRACT_1177,2022-02-09,TI,Supervisor_9,0,0.9125524181227876,4,1,17,15,0.9357692770057723,2,4.7,0,0.9551794164778369,1
PRACT_1178,2022-04-07,Operaciones,Supervisor_3,0,0.9813615725980719,1,0,9,7,0.8373115824391232,2,3.6,0,0.9260187698910823,0
PRACT_1179,2021-05-12,TI,Supervisor_1,0,0.9035766243014935,3,2,8,6,0.8455419100822394,2,4.9,0,0.9964518815741406,1
PRACT_1180,2023-03-02,Marketing,Supervisor_1,0,0.9528226607727157,2,1,14,11,0.8206600955626561,3,3.6,1,0.9371353272667389,0
PRACT_1181,2023-05-24,Finanzas,Supervisor_3,1,0.7316574358156419,8,4,6,2,0.43783482122339,4,2.2,2,0.8901927969791045,-1
PRACT_1182,2021-03-25,Marketing,Supervisor_5,0,0.9207469438058877,1,0,13,12,0.9775177981437717,1,4.6,0,0.8114776949214182,1
PRACT_1183,2024-11-23,RRHH,Supervisor_3,0,0.9905850192098795,1,1,20,18,0.9366777266286835,2,4.1,0,0.8277920741484426,0
PRACT_1184,2023-01-24,RRHH,Supervisor_9,1,0.7934922224586776,12,5,14,7,0.501708564923173,7,1.8,1,0.6805835384001963,0
PRACT_1185,2022-09-20,RRHH,Supervisor_9,0,0.9471083729483926,0,2,13,12,0.9855424261799154,1,4.6,1,0.8769758921768631,1
PRACT_1186,2024-02-07,TI,Supervisor_3,1,0.6439021263190485,12,7,14,8,0.5977389737869482,6,2.7,3,0.8130939365428111,-1
PRACT_1187,2021-08-09,Operaciones,Supervisor_3,0,0.92365679252111,4,1,7,6,0.9142877302964035,1,4.9,0,0.8321228052938408,1
PRACT_1188,2022-07-07,Marketing,Supervisor_5,0,0.9729993224644964,3,2,15,12,0.8591985250287935,3,4.1,0,0.9952190358222976,1
PRACT_1189,2024-10-23,Marketing,Supervisor_2,0,0.9131743799631964,2,2,6,5,0.9664523541344963,1,4.3,1,0.8630131750521828,1
PRACT_1190,2024-03-16,Marketing,Supervisor_6,0,0.9680237753843783,2,0,12,10,0.8365389625422766,2,4.0,1,0.8857847415480319,1
PRACT_1191,2021-04-22,Marketing,Supervisor_7,0,0.9842456986118413,0,2,11,10,0.9303770847765991,1,3.9,0,0.8549490064880046,0
PRACT_1192,2022-09-07,RRHH,Supervisor_9,0,0.9228471575917024,1,0,14,13,0.9726053896299247,1,4.6,1,0.9158727234653095,1
PRACT_1193,2023-07-13,Marketing,Supervisor_6,0,0.9866427402898756,0,0,17,16,0.978706000363626,1,4.0,1,0.8117257400845168,1
PRACT_1194,2022-04-20,Operaciones,Supervisor_3,0,0.9033323199439509,4,1,17,16,0.9712748196429605,1,4.1,1,0.8299355011140898,1
PRACT_1195,2023-04-16,RRHH,Supervisor_5,0,0.9912787385386526,1,0,17,16,0.984249629665539,1,4.1,0,0.9491595406837449,0
PRACT_1196,2021-09-28,Marketing,Supervisor_4,1,0.5414267797479543,13,7,10,5,0.5069668671065068,5,2.6,4,0.5746002333619216,-1
PRACT_1197,2022-02-25,TI,Supervisor_5,1,0.7260157122783114,12,1,15,7,0.5152900562681559,8,2.9,4,0.5942057806226652,0
PRACT_1198,2022-12-08,Finanzas,Supervisor_8,1,0.5875288641198796,11,1,12,5,0.492526326648604,7,2.5,4,0.8171928942899351,0
PRACT_1199,2024-10-22,Finanzas,Supervisor_8,0,0.9836552391169614,3,1,12,11,0.9968350970230154,1,4.2,0,0.8186602356714507,1
PRACT_1200,2024-07-27,Finanzas,Supervisor_6,0,0.9512300360915467,4,2,12,10,0.8872578718587388,2,4.7,1,0.8874947645541682,1
PRACT_1201,2024-07-30,RRHH,Supervisor_1,0,0.9135241191246501,2,2,7,6,0.85905639409659,1,4.5,0,0.8046126773994454,1
PRACT_1202,2021-02-09,Marketing,Supervisor_8,0,0.9570991571325979,0,2,5,4,0.8861433243216021,1,3.6,1,0.8693614798635808,1
PRACT_1203,2021-07-08,RRHH,Supervisor_8,0,0.9407882610196984,4,0,6,5,0.9333939059096412,1,3.6,1,0.9397962805221509,0
PRACT_1204,2024-04-02,Operaciones,Supervisor_2,0,0.9661447816613101,4,2,6,5,0.8521670325607953,1,3.6,1,0.8180206559434458,1
PRACT_1205,2023-09-21,TI,Supervisor_4,0,0.9881903284763459,2,2,15,14,0.9708440685931465,1,4.2,1,0.9776669253557521,0
PRACT_1206,2022-06-20,TI,Supervisor_2,0,0.9409389131183419,2,0,5,4,0.8040681662135203,1,4.7,0,0.9818998085881432,0
PRACT_1207,2023-10-25,Finanzas,Supervisor_4,0,0.928988067953386,2,1,13,12,0.9352478370600221,1,4.0,0,0.8209980750250271,1
PRACT_1208,2021-10-17,Finanzas,Supervisor_10,0,0.9014515094527609,0,1,9,8,0.9994762253627626,1,4.1,1,0.9981464872751553,0
PRACT_1209,2022-03-09,Finanzas,Supervisor_7,0,0.9574839037859875,2,0,12,11,0.9182716284652707,1,4.9,0,0.8595059106790979,1
PRACT_1210,2022-04-16,Marketing,Supervisor_9,1,0.6407961686010017,8,4,6,2,0.47722336905901164,4,2.8,3,0.5336406684526425,-1
PRACT_1211,2024-04-19,Operaciones,Supervisor_8,0,0.9374649219014829,4,1,9,7,0.8812152584734068,2,4.5,0,0.8010134228994525,0
PRACT_1212,2024-06-25,Operaciones,Supervisor_9,0,0.9182935321284212,2,1,6,5,0.8744675636770762,1,3.9,0,0.8817045791527726,1
PRACT_1213,2022-09-20,Operaciones,Supervisor_8,0,0.9430055345191275,4,1,8,7,0.979168778093358,1,3.7,1,0.9259619971412235,1
PRACT_1214,2021-10-06,Operaciones,Supervisor_2,0,0.9984441953583368,1,2,12,9,0.8328527327441249,3,3.5,0,0.8664358499806627,1
PRACT_1215,2023-05-27,Finanzas,Supervisor_7,0,0.9297754153672244,1,1,10,8,0.8005214926785268,2,3.7,0,0.9673434730949245,1
PRACT_1216,2022-08-04,TI,Supervisor_2,0,0.95997044134081,2,2,20,17,0.8952966415710542,3,3.9,1,0.94332125511301,0
PRACT_1217,2023-05-13,Finanzas,Supervisor_2,0,0.9776486881315667,4,1,17,15,0.90744111127726,2,4.3,1,0.8700323063936066,1
PRACT_1218,2021-09-11,Operaciones,Supervisor_4,0,0.9749157823176532,1,2,6,4,0.8035130911407934,2,3.6,1,0.946861933321721,0
PRACT_1219,2021-06-30,Finanzas,Supervisor_1,0,0.932877428749259,2,0,6,5,0.9714194379119715,1,3.7,0,0.98809754739385,1
PRACT_1220,2022-11-12,Operaciones,Supervisor_5,0,0.961086008351685,4,0,14,12,0.9134329092591742,2,3.8,0,0.8186191997086034,1
PRACT_1221,2023-04-05,RRHH,Supervisor_6,1,0.8049426398445549,7,2,5,2,0.4537938318474417,3,2.4,1,0.6224415840630467,0
PRACT_1222,2022-12-01,TI,Supervisor_9,0,0.9015447427733078,4,2,10,9,0.9268906279511206,1,4.4,0,0.8926651878233387,1
PRACT_1223,2022-07-20,RRHH,Supervisor_10,0,0.9435734356843308,1,0,9,7,0.8671388284620769,2,4.3,0,0.8995980255509537,0
PRACT_1224,2024-09-11,Marketing,Supervisor_8,1,0.5784956963846668,7,1,6,2,0.4482146754674517,4,1.9,3,0.7168782579544295,0
PRACT_1225,2024-10-12,Finanzas,Supervisor_2,0,0.938863229039884,1,0,14,11,0.815894333170899,3,4.1,1,0.8601253813077298,0
PRACT_1226,2022-11-11,Marketing,Supervisor_1,0,0.9415989607975241,2,0,15,13,0.8891930540808811,2,3.6,0,0.9334519291964698,0
PRACT_1227,2022-01-26,Finanzas,Supervisor_2,0,0.9746670964786637,0,1,15,14,0.9744911262502616,1,3.8,0,0.929016900705966,1
PRACT_1228,2024-01-14,RRHH,Supervisor_7,0,0.9093821872395443,1,2,16,13,0.8370330090832405,3,4.8,0,0.9155643012543228,0
PRACT_1229,2024-09-02,Operaciones,Supervisor_4,1,0.6794043660963787,6,1,15,8,0.5967173423777494,7,3.0,4,0.5455046886843506,-1
PRACT_1230,2021-07-31,Operaciones,Supervisor_10,0,0.9564194791798746,3,1,6,4,0.8127652069419428,2,4.5,0,0.895393578219189,1
PRACT_1231,2022-01-19,Finanzas,Supervisor_5,1,0.6729551612431315,11,5,11,5,0.5213557740251876,6,2.9,2,0.6424907549957503,0
PRACT_1232,2021-12-08,Operaciones,Supervisor_7,0,0.973187325306272,1,0,20,19,0.9777983277112665,1,4.5,1,0.8982076939676246,0
PRACT_1233,2023-04-24,RRHH,Supervisor_3,0,0.9383791255906847,4,0,17,16,0.9447999748239125,1,3.5,1,0.9843732871030052,1
PRACT_1234,2023-11-28,Operaciones,Supervisor_10,0,0.9944967063640076,2,0,13,11,0.90974392111661,2,5.0,0,0.8961062686316816,1
PRACT_1235,2022-02-24,RRHH,Supervisor_2,0,0.9481803442538942,0,1,6,5,0.874178062447685,1,3.6,1,0.8027961583679024,1
PRACT_1236,2023-01-21,Marketing,Supervisor_7,0,0.9571213909614797,4,2,13,10,0.8014504856030289,3,4.5,0,0.8877673476168262,1
PRACT_1237,2024-04-07,RRHH,Supervisor_5,1,0.7889357881713623,11,2,19,9,0.48389842210449585,10,1.9,1,0.8282592720197528,0
PRACT_1238,2024-09-28,TI,Supervisor_1,0,0.9275236105931123,4,1,16,13,0.8730812261803114,3,4.1,1,0.9560121846436337,1
PRACT_1239,2021-11-02,TI,Supervisor_1,1,0.5263207100669809,9,6,11,5,0.5377880683538693,6,2.5,2,0.7053560294112724,-1
PRACT_1240,2022-12-03,TI,Supervisor_9,0,0.9707783978362483,4,0,16,13,0.868974756738642,3,4.2,0,0.8499538025718631,0
PRACT_1241,2023-05-19,Finanzas,Supervisor_5,1,0.6690541494419325,11,7,19,11,0.6303130154672528,8,1.9,2,0.686035465165818,0
PRACT_1242,2022-06-21,Finanzas,Supervisor_1,0,0.9896504250958995,0,0,10,8,0.836826004616237,2,4.0,1,0.9127404438836384,1
PRACT_1243,2024-02-10,Finanzas,Supervisor_7,0,0.9982680048722434,3,1,5,4,0.9902954505705187,1,4.0,0,0.9999742876548268,1
PRACT_1244,2024-12-05,RRHH,Supervisor_9,1,0.6396882727011552,14,1,14,6,0.46449766707651735,8,2.9,5,0.7576712360677509,-1
PRACT_1245,2021-07-25,Finanzas,Supervisor_1,0,0.9415439016259661,4,2,9,8,0.9399538086962876,1,4.7,1,0.9388529860125228,1
PRACT_1246,2024-04-23,Marketing,Supervisor_10,0,0.9407962602205726,1,2,9,8,0.9834606290928101,1,4.2,0,0.8982908287136104,1
PRACT_1247,2024-11-06,TI,Supervisor_4,0,0.9324554109730926,1,0,6,5,0.945257292803624,1,3.8,0,0.870897910156506,1
PRACT_1248,2022-05-11,RRHH,Supervisor_3,0,0.9781687097766397,4,1,15,14,0.9919453676077923,1,4.7,1,0.9625905967294413,1
PRACT_1249,2024-11-03,TI,Supervisor_5,1,0.7656485168717546,11,5,14,7,0.5430528411746379,7,1.7,2,0.6979729297356945,-1
PRACT_1250,2023-12-07,Finanzas,Supervisor_7,0,0.9478644870550526,1,1,9,8,0.9866945583895116,1,3.8,1,0.998938025992905,0
PRACT_1251,2022-05-19,RRHH,Supervisor_8,0,0.9044661216378899,2,2,16,15,0.9461064261739989,1,4.0,1,0.8914241148536088,1
PRACT_1252,2023-11-12,Operaciones,Supervisor_2,0,0.9309559301513074,1,0,15,14,0.9379982392708612,1,4.8,1,0.8136000567295155,1
PRACT_1253,2021-08-01,Marketing,Supervisor_7,0,0.9292303046554837,4,2,15,13,0.8767920252634758,2,3.7,1,0.9365156274180165,0
PRACT_1254,2021-11-06,Finanzas,Supervisor_1,0,0.9811087246200259,0,1,14,12,0.869299012635365,2,3.7,0,0.8093282901851623,0
PRACT_1255,2022-10-23,Finanzas,Supervisor_7,0,0.9087575573416175,1,1,6,5,0.8409959886408691,1,4.2,1,0.8501003193769407,1
PRACT_1256,2023-01-23,Marketing,Supervisor_8,0,0.9805675379042704,3,0,18,15,0.865718432605611,3,3.9,1,0.8707476505559807,1
PRACT_1257,2021-09-29,Marketing,Supervisor_2,0,0.9669183652199143,2,0,10,8,0.8407756685243198,2,4.4,1,0.9478967171242656,1
PRACT_1258,2023-07-27,Operaciones,Supervisor_9,0,0.973244145913045,2,0,19,16,0.8582006726800564,3,4.2,0,0.8988471852815226,0
PRACT_1259,2024-05-10,Finanzas,Supervisor_1,0,0.9432213187585023,0,2,9,7,0.8842142796387268,2,4.2,0,0.8057291862620514,0
PRACT_1260,2021-02-01,Finanzas,Supervisor_6,0,0.9679725796001758,0,1,18,17,0.9919856241167003,1,3.7,0,0.9233699702551844,0
PRACT_1261,2022-03-19,TI,Supervisor_1,0,0.9609028944706915,1,1,15,13,0.8983293500222949,2,3.7,0,0.8822872474853325,1
PRACT_1262,2021-06-11,RRHH,Supervisor_3,0,0.9768980195228629,4,2,10,9,0.971083230926236,1,4.7,1,0.9843669019934215,1
PRACT_1263,2023-02-06,RRHH,Supervisor_6,0,0.9446769834468253,3,0,13,11,0.8787865957292494,2,4.8,1,0.8999124622280471,1
PRACT_1264,2021-09-11,TI,Supervisor_3,0,0.9472825624896303,2,0,6,5,0.9495491641865256,1,3.9,1,0.9417950291878678,1
PRACT_1265,2022-06-05,RRHH,Supervisor_8,0,0.964357622273982,0,2,15,13,0.8754070993586358,2,3.7,0,0.8437736984659094,0
PRACT_1266,2023-09-04,Marketing,Supervisor_5,0,0.9108077493666389,3,1,18,15,0.8454252731183731,3,3.6,1,0.9521947129063306,0
PRACT_1267,2021-01-10,RRHH,Supervisor_2,0,0.9436244448364317,4,1,12,11,0.9251773288660968,1,4.4,0,0.9441910620967344,0
PRACT_1268,2022-12-27,RRHH,Supervisor_4,0,0.9971950845259806,2,1,6,5,0.9152458823555869,1,4.6,0,0.9808163417082616,0
PRACT_1269,2022-05-20,TI,Supervisor_9,0,0.9037552320060046,2,1,14,13,0.9599481287425679,1,4.1,0,0.8067643283438399,0
PRACT_1270,2023-02-24,Operaciones,Supervisor_4,0,0.9316004722866394,4,2,16,15,0.9569020271355106,1,4.5,1,0.8895001395234903,1
PRACT_1271,2022-03-12,RRHH,Supervisor_10,0,0.9314109819089371,2,1,16,13,0.8507388590177024,3,4.6,1,0.9358310805479261,1
PRACT_1272,2024-02-09,RRHH,Supervisor_10,1,0.7217124417325204,15,4,15,6,0.4515911205530629,9,2.9,4,0.538065560032086,0
PRACT_1273,2021-06-02,Operaciones,Supervisor_8,0,0.910580035942414,1,2,19,15,0.8131181729329274,4,3.6,1,0.8821208134297825,1
PRACT_1274,2023-07-06,TI,Supervisor_5,0,0.9628544030878862,4,0,10,8,0.8038463406913521,2,3.8,0,0.9884293206132391,1
PRACT_1275,2023-05-19,Operaciones,Supervisor_10,0,0.909504024065162,3,2,20,18,0.9051558613636571,2,3.6,1,0.8871868981782257,1
PRACT_1276,2024-01-31,TI,Supervisor_1,0,0.9094953647418331,1,1,5,4,0.8560788357180702,1,4.8,0,0.9970809566961263,0
PRACT_1277,2023-01-23,Marketing,Supervisor_7,0,0.9728183357188482,3,0,7,5,0.8054985779263549,2,4.7,0,0.811367812215964,1
PRACT_1278,2024-04-29,TI,Supervisor_3,1,0.6134473108414787,15,3,18,9,0.5083283329022007,9,2.4,3,0.7871319104563566,-1
PRACT_1279,2022-07-17,Marketing,Supervisor_10,0,0.9977422947713748,3,2,18,15,0.8643782685067928,3,3.6,0,0.916203247249654,0
PRACT_1280,2024-01-10,Marketing,Supervisor_8,0,0.9037352936435555,1,2,12,10,0.9162244799858111,2,3.9,0,0.9001079354264251,0
PRACT_1281,2022-05-04,TI,Supervisor_3,0,0.9445106663717995,4,0,6,5,0.8891241384199865,1,3.9,0,0.9941694802970018,1
PRACT_1282,2023-06-14,Finanzas,Supervisor_1,0,0.9113135937674024,0,2,8,6,0.8469897125666785,2,4.3,1,0.8259300800982258,1
PRACT_1283,2024-01-17,TI,Supervisor_5,0,0.9351378966758108,3,1,16,14,0.9054247843555395,2,3.9,1,0.9791997903361827,1
PRACT_1284,2024-05-02,RRHH,Supervisor_2,0,0.9998222450609051,0,0,15,13,0.9191883191461409,2,3.6,0,0.938248082227322,1
PRACT_1285,2021-04-14,RRHH,Supervisor_4,0,0.9888842511738531,3,0,16,14,0.877752930423382,2,4.6,1,0.8517992146599266,1
PRACT_1286,2024-01-25,Finanzas,Supervisor_1,0,0.9048324408855397,3,2,14,12,0.8942501433247056,2,3.9,1,0.9803338291264587,1
PRACT_1287,2024-12-17,Marketing,Supervisor_9,0,0.9563255843825683,4,1,17,14,0.838060622054246,3,4.2,1,0.8858589835722027,1
PRACT_1288,2024-05-06,Finanzas,Supervisor_6,0,0.9647822304824436,2,0,16,14,0.937185844141644,2,3.7,1,0.9628454656146141,1
PRACT_1289,2023-10-22,RRHH,Supervisor_8,0,0.9209534623950126,1,2,10,8,0.8384215278398846,2,4.7,0,0.8777673034094801,0
PRACT_1290,2023-10-04,Finanzas,Supervisor_4,0,0.914510557339645,1,1,18,16,0.9389344007288399,2,4.3,1,0.9701861654866482,0
PRACT_1291,2022-02-11,TI,Supervisor_9,0,0.9904381134665523,1,2,20,19,0.9965128401170855,1,4.9,0,0.9273258236890097,1
PRACT_1292,2024-11-02,Finanzas,Supervisor_2,0,0.9968816441483377,2,2,10,8,0.8187449732119433,2,4.2,0,0.8282093267167455,0
PRACT_1293,2021-06-16,Marketing,Supervisor_9,0,0.9991892857319642,0,0,20,16,0.8222591325514134,4,4.9,1,0.9299326326939055,1
PRACT_1294,2022-05-24,TI,Supervisor_5,0,0.9789761773734634,1,0,18,16,0.9062397588483023,2,4.8,1,0.8382689525403746,1
PRACT_1295,2021-11-09,Operaciones,Supervisor_6,1,0.73222572429184,12,7,18,8,0.4723095213710833,10,2.4,3,0.664769051157665,0
PRACT_1296,2024-12-12,RRHH,Supervisor_3,0,0.9345730252192999,0,0,20,17,0.8875195487507588,3,4.9,1,0.8340591168504068,0
PRACT_1297,2023-02-02,RRHH,Supervisor_4,0,0.9171398312324752,2,0,11,9,0.8888345169535621,2,4.0,0,0.8044032231334237,1
PRACT_1298,2022-11-12,Finanzas,Supervisor_6,0,0.9078980599366232,2,1,6,5,0.8531071211227524,1,4.0,0,0.8423773078899915,1
PRACT_1299,2022-04-22,TI,Supervisor_7,0,0.9693297468551492,4,1,9,8,0.9743161450508966,1,3.6,0,0.9072744047448251,1
PRACT_1300,2021-03-14,Operaciones,Supervisor_1,0,0.9784723415179358,1,2,8,7,0.8751767909591348,1,4.4,0,0.8963121935554692,1
PRACT_1301,2024-03-10,TI,Supervisor_7,0,0.9826453652454981,4,2,16,15,0.9569470228172199,1,4.6,1,0.9002994191072128,1
PRACT_1302,2022-08-05,RRHH,Supervisor_1,1,0.8198177511563295,14,7,12,6,0.5112412592634542,6,2.7,1,0.5990747513786405,-1
PRACT_1303,2021-09-19,TI,Supervisor_5,0,0.9879929563638373,2,2,20,18,0.9405588719636004,2,3.7,0,0.9370322401228373,0
PRACT_1304,2024-09-25,Operaciones,Supervisor_6,0,0.9999741272258093,2,1,12,11,0.9312826268459347,1,4.2,1,0.9408526573640692,1
PRACT_1305,2024-08-24,Finanzas,Supervisor_2,0,0.9244064010967251,3,0,12,9,0.8064690575837795,3,3.8,1,0.8715935651119331,0
PRACT_1306,2021-09-02,Marketing,Supervisor_10,1,0.7671576653242738,8,6,20,8,0.43630471502459467,12,2.5,1,0.8524680353896698,-1
PRACT_1307,2024-09-22,TI,Supervisor_9,0,0.9586459512374798,2,2,17,15,0.9333672561522586,2,3.7,1,0.9288046433271095,0
PRACT_1308,2022-07-15,Marketing,Supervisor_10,1,0.5914357963587539,15,7,18,11,0.6389037326438947,7,2.9,4,0.7852157101034527,0
PRACT_1309,2024-01-05,RRHH,Supervisor_6,0,0.9981905322286942,0,1,10,8,0.8640899860749522,2,3.8,1,0.8554679835877879,0
PRACT_1310,2021-06-24,Finanzas,Supervisor_7,1,0.8142643366709883,12,4,10,5,0.5484856401114975,5,1.9,4,0.5002446540622348,-1
PRACT_1311,2021-04-19,Finanzas,Supervisor_10,0,0.9128515668444117,0,1,7,5,0.8388664286547521,2,4.8,1,0.9730751224204219,1
PRACT_1312,2021-07-02,TI,Supervisor_8,1,0.5091554198131969,11,7,8,4,0.6191627894489737,4,2.2,3,0.8289697538319234,0
PRACT_1313,2021-07-11,Finanzas,Supervisor_10,0,0.9688330762332678,4,0,18,16,0.9017681696261014,2,3.5,1,0.8246383776085661,0
PRACT_1314,2021-03-06,TI,Supervisor_1,1,0.7114457200997872,8,7,15,8,0.5400974361705444,7,2.2,3,0.6496420539825226,0
PRACT_1315,2023-08-21,TI,Supervisor_8,0,0.9935815624111146,3,1,7,6,0.993250741448018,1,3.6,0,0.9322678616777165,1
PRACT_1316,2024-01-29,Marketing,Supervisor_4,0,0.923400528716037,2,2,16,13,0.8539666906582188,3,5.0,1,0.9304221714437456,0
PRACT_1317,2023-05-14,Finanzas,Supervisor_10,0,0.9084387947894987,2,2,19,18,0.9892395052960063,1,4.4,1,0.9720700669617113,1
PRACT_1318,2024-02-26,TI,Supervisor_8,0,0.9259215333771986,4,0,14,11,0.8258367835617499,3,3.9,1,0.8280536323270857,1
PRACT_1319,2022-01-04,Marketing,Supervisor_6,0,0.9018927640511464,3,2,14,13,0.9341877811525412,1,4.3,1,0.8859879495570238,1
PRACT_1320,2023-05-01,Operaciones,Supervisor_9,0,0.9035892751188933,0,2,11,10,0.9722725437913133,1,3.6,1,0.819444883585285,1
PRACT_1321,2021-02-12,Marketing,Supervisor_4,0,0.9914857805920759,1,2,14,13,0.9748594154149925,1,4.7,1,0.8779190496877256,1
PRACT_1322,2024-12-13,Marketing,Supervisor_2,0,0.9352016582501879,4,1,20,18,0.9095474888648548,2,4.9,1,0.8030214891175409,0
PRACT_1323,2022-05-03,TI,Supervisor_2,1,0.6437831503533882,6,2,16,11,0.6973454935444561,5,2.8,2,0.8593092260440508,0
PRACT_1324,2021-03-19,RRHH,Supervisor_5,0,0.9018371654538104,0,0,13,11,0.8808525430130306,2,4.0,1,0.9054087993657363,0
PRACT_1325,2023-04-06,RRHH,Supervisor_10,1,0.5946826230601463,5,3,16,11,0.690788398614724,5,2.0,2,0.8399209043209415,-1
PRACT_1326,2024-07-17,RRHH,Supervisor_9,0,0.9804725983741431,1,1,9,8,0.8921327489421408,1,3.6,1,0.8119809402006728,0
PRACT_1327,2022-11-05,Marketing,Supervisor_3,0,0.9615490959666719,4,0,9,8,0.9729607617480341,1,4.5,1,0.8454916220945842,1
PRACT_1328,2022-12-02,TI,Supervisor_8,0,0.9753780601086415,1,2,15,14,0.9599894097169763,1,4.3,0,0.8518759990442362,0
PRACT_1329,2023-01-29,Finanzas,Supervisor_4,0,0.9447213740793785,4,0,10,8,0.8525395263793804,2,4.2,1,0.8773382989277576,1
PRACT_1330,2022-12-29,Marketing,Supervisor_6,0,0.930972922175133,4,0,14,12,0.8938028861105576,2,4.9,0,0.9605732744795092,1
PRACT_1331,2024-08-31,Marketing,Supervisor_10,0,0.9482810093328371,2,0,6,4,0.8107553810666105,2,3.8,0,0.8773115747462985,1
PRACT_1332,2023-07-14,TI,Supervisor_6,0,0.9323071068405752,3,0,7,6,0.9778289923991571,1,3.5,1,0.8409307059292654,1
PRACT_1333,2023-06-21,Operaciones,Supervisor_3,0,0.9838971096674068,3,0,18,17,0.9773245300032783,1,3.6,0,0.8129980520677538,1
PRACT_1334,2023-06-08,Marketing,Supervisor_5,1,0.604185800457496,13,5,8,4,0.57476550891538,4,1.8,2,0.531796699341075,-1
PRACT_1335,2023-09-20,Operaciones,Supervisor_3,1,0.7309172741585793,15,4,11,7,0.6821744610205893,4,1.5,1,0.804018882384391,-1
PRACT_1336,2024-04-06,Operaciones,Supervisor_1,0,0.9136982222309528,3,0,18,14,0.8203144287289323,4,4.3,1,0.8889605982073266,1
PRACT_1337,2021-12-05,RRHH,Supervisor_7,0,0.968686649373491,4,2,12,9,0.8223066680703354,3,4.0,0,0.9452362244000031,1
PRACT_1338,2021-07-12,TI,Supervisor_4,0,0.9913299711600034,4,2,16,15,0.9622577707892079,1,3.8,0,0.9364574243527395,0
PRACT_1339,2021-10-10,Operaciones,Supervisor_7,0,0.9608583154639908,1,0,19,18,0.9793658089681414,1,4.6,1,0.8270724923520516,0
PRACT_1340,2024-09-21,TI,Supervisor_3,0,0.9559855380034478,1,2,15,13,0.8799276964987872,2,3.8,0,0.8285775868384535,0
PRACT_1341,2022-01-25,RRHH,Supervisor_5,0,0.996111826802164,4,0,20,18,0.9196497585758365,2,4.5,0,0.9510684030868268,1
PRACT_1342,2023-09-27,TI,Supervisor_5,0,0.9627396555315847,4,2,7,5,0.8181797802949096,2,4.0,1,0.9442536586970834,0
PRACT_1343,2022-06-09,Marketing,Supervisor_2,1,0.5908426516455789,14,6,12,6,0.5190796153184976,6,2.3,2,0.6512123067497242,0
PRACT_1344,2024-06-17,Operaciones,Supervisor_10,0,0.929239102384774,3,0,13,11,0.8712835710315575,2,4.9,1,0.8154844526665681,0
PRACT_1345,2022-10-21,TI,Supervisor_2,0,0.9705306642535927,0,1,10,8,0.8632301383556658,2,3.6,1,0.8024196043396905,0
PRACT_1346,2022-12-17,Finanzas,Supervisor_4,0,0.9735436593892186,1,0,16,14,0.8809310835809333,2,4.3,1,0.857631389892349,0
PRACT_1347,2023-06-10,TI,Supervisor_4,0,0.9303496231789016,3,0,11,10,0.9907790127795482,1,4.8,0,0.8018444547174455,1
PRACT_1348,2024-01-18,Operaciones,Supervisor_4,0,0.934534397792633,3,1,11,9,0.8911765176848206,2,4.4,1,0.8460145242207407,1
PRACT_1349,2024-01-24,RRHH,Supervisor_6,1,0.8468697780586805,15,6,8,5,0.6819454562301626,3,1.9,3,0.6678002960845354,-1
PRACT_1350,2022-03-28,RRHH,Supervisor_2,0,0.9101952549580278,2,1,16,13,0.8290465738152688,3,4.1,0,0.8242831530623909,1
PRACT_1351,2022-03-04,Operaciones,Supervisor_6,1,0.6416257599540347,9,1,7,4,0.5836795686189629,3,2.5,2,0.5417111031326185,-1
PRACT_1352,2024-03-20,Marketing,Supervisor_7,0,0.9062447531197507,2,1,7,6,0.9053499499761496,1,4.8,0,0.9792874871437474,1
PRACT_1353,2024-10-31,Marketing,Supervisor_10,0,0.9821078361998241,1,1,11,10,0.9311131801913947,1,3.6,1,0.9170940058045779,1
PRACT_1354,2023-11-12,RRHH,Supervisor_3,0,0.9092345838945433,2,2,16,13,0.8629377947742654,3,3.6,0,0.9868911373525563,0
PRACT_1355,2023-06-02,RRHH,Supervisor_8,0,0.9674007356462712,4,2,7,6,0.9990343644748075,1,4.0,1,0.8691652327571359,1
PRACT_1356,2021-11-09,Operaciones,Supervisor_2,1,0.5197691984012187,13,2,10,6,0.6016446060797221,4,1.8,5,0.7708579749316653,0
PRACT_1357,2023-04-20,Marketing,Supervisor_8,1,0.7354992632333919,7,6,12,7,0.6657285082337858,5,1.9,4,0.5818766698487161,-1
PRACT_1358,2022-06-03,RRHH,Supervisor_5,0,0.9843036946927703,3,1,18,15,0.8408529516666011,3,3.8,1,0.9236680634559883,1
PRACT_1359,2024-05-14,Marketing,Supervisor_2,0,0.9398821526924057,3,1,6,5,0.9943648849358813,1,3.8,0,0.825917146001997,0
PRACT_1360,2022-01-10,RRHH,Supervisor_7,0,0.9522126493432177,3,2,6,4,0.804277769335016,2,3.7,1,0.8004161278352572,1
PRACT_1361,2022-03-27,TI,Supervisor_2,1,0.6405396083018489,13,4,6,4,0.6716728176989706,2,2.9,4,0.8726127205638317,-1
PRACT_1362,2023-10-12,Finanzas,Supervisor_6,0,0.9300488758632639,4,0,20,16,0.8019116372296138,4,3.7,0,0.9109788752350418,1
PRACT_1363,2022-08-18,TI,Supervisor_10,0,0.9803263400627128,1,1,11,10,0.9817778009698224,1,3.8,1,0.9853881325564079,0
PRACT_1364,2024-04-17,RRHH,Supervisor_3,0,0.927200257373099,4,1,7,6,0.8844010501691446,1,3.9,0,0.8667663047404144,0
PRACT_1365,2024-05-18,Finanzas,Supervisor_9,0,0.9722943424389447,0,2,18,14,0.8116475565421357,4,4.9,0,0.8655572138323514,0
PRACT_1366,2022-05-15,Finanzas,Supervisor_3,0,0.9206197079255203,3,1,5,4,0.8913789109964856,1,4.6,1,0.8801310003546063,0
PRACT_1367,2022-04-09,RRHH,Supervisor_3,0,0.924985379607833,4,1,10,9,0.9366832264587419,1,4.7,1,0.9412081967916337,1
PRACT_1368,2024-02-22,RRHH,Supervisor_5,1,0.6177614069020243,6,7,7,3,0.47303620359152976,4,1.7,3,0.7263234536744697,-1
PRACT_1369,2021-04-23,Marketing,Supervisor_7,0,0.9589156377393788,3,1,15,12,0.811484695880449,3,4.8,1,0.9850709814198236,1
PRACT_1370,2023-11-02,RRHH,Supervisor_8,0,0.9454422319159541,1,1,17,14,0.8373397969754346,3,4.1,0,0.8050881802264879,0
PRACT_1371,2024-02-24,Operaciones,Supervisor_7,1,0.7608006834397372,7,7,12,5,0.43387096331818475,7,1.9,5,0.7832783751890147,0
PRACT_1372,2021-11-27,RRHH,Supervisor_9,0,0.9213567300336193,1,0,10,8,0.8983226689680661,2,4.4,1,0.8660655378733109,1
PRACT_1373,2024-07-30,Operaciones,Supervisor_5,1,0.5037353007470919,7,6,19,11,0.6230527456431569,8,2.7,5,0.5720934607273844,0
PRACT_1374,2021-05-20,RRHH,Supervisor_10,0,0.977655747178522,3,1,17,14,0.8756309637121484,3,4.7,0,0.9020791245040198,1
PRACT_1375,2024-11-25,Marketing,Supervisor_3,0,0.9821649333880073,3,0,7,5,0.8493697810596503,2,4.8,0,0.9010127568359992,1
PRACT_1376,2023-06-21,Operaciones,Supervisor_6,1,0.5208180570879364,7,7,7,3,0.5269043338725288,4,2.9,3,0.5548044114753714,0
PRACT_1377,2024-01-26,TI,Supervisor_5,0,0.9610907522158396,1,0,20,17,0.859651431275297,3,3.9,0,0.840379211226578,0
PRACT_1378,2022-06-01,Operaciones,Supervisor_4,0,0.9378206783873078,0,1,7,6,0.8652141004654247,1,4.1,0,0.881632932980311,1
PRACT_1379,2022-07-23,Marketing,Supervisor_2,0,0.9793895655194517,0,0,9,8,0.9999633438725355,1,3.5,1,0.8817622824784631,1
PRACT_1380,2023-04-26,Operaciones,Supervisor_7,0,0.9874414554196479,0,2,17,16,0.9493443203368124,1,4.8,1,0.863511627923937,0
PRACT_1381,2023-12-29,RRHH,Supervisor_5,0,0.9851003766797249,0,1,8,7,0.9980499735842399,1,3.7,1,0.8297090303019963,1
PRACT_1382,2021-04-28,RRHH,Supervisor_4,0,0.9777204247350852,4,2,9,7,0.8035570282524968,2,4.8,1,0.800874735820196,0
PRACT_1383,2023-06-07,Marketing,Supervisor_8,1,0.594168280059757,13,7,10,4,0.434270006752655,6,2.0,1,0.8880940249712083,-1
PRACT_1384,2023-12-19,Finanzas,Supervisor_9,0,0.9811889643568317,2,0,5,4,0.859639459630186,1,4.1,1,0.9886998459407854,1
PRACT_1385,2023-11-23,RRHH,Supervisor_9,0,0.9533478475906293,0,0,20,18,0.9177446180614148,2,3.6,0,0.896730075835227,1
PRACT_1386,2024-09-03,TI,Supervisor_3,0,0.9052756614832091,3,2,14,12,0.8907865923485981,2,4.0,1,0.9990103506550012,1
PRACT_1387,2021-02-19,Marketing,Supervisor_3,0,0.9456938849898249,0,2,12,11,0.9347489260096036,1,4.8,0,0.9347308661564486,1
PRACT_1388,2021-01-19,Operaciones,Supervisor_5,0,0.9942157917029993,1,1,12,9,0.8080877662425323,3,3.5,1,0.8137715075215084,1
PRACT_1389,2022-12-27,Operaciones,Supervisor_5,1,0.8107507724074434,15,3,20,13,0.6616825588009576,7,2.1,2,0.5470872796330509,0
PRACT_1390,2021-07-16,TI,Supervisor_10,0,0.9102264280997117,2,2,12,10,0.8362974249717398,2,3.5,1,0.9832221687739275,0
PRACT_1391,2022-07-13,RRHH,Supervisor_2,0,0.974412668571437,4,0,7,5,0.8043907003754042,2,4.1,1,0.9260104404299256,1
PRACT_1392,2022-03-28,Marketing,Supervisor_1,0,0.9805792865958235,3,2,19,17,0.9322054116468734,2,3.8,0,0.9686367253314703,1
PRACT_1393,2021-10-16,TI,Supervisor_8,0,0.9271388188236765,2,2,12,10,0.9086556059836212,2,3.9,1,0.9796539299267688,0
PRACT_1394,2024-03-10,RRHH,Supervisor_3,0,0.9471608570741092,1,0,17,16,0.9503652776852507,1,4.8,0,0.8895884022564773,0
PRACT_1395,2024-01-13,Marketing,Supervisor_1,0,0.9710987941463682,0,1,14,11,0.8529389792872301,3,4.2,1,0.8097051903153386,1
PRACT_1396,2022-01-26,Operaciones,Supervisor_1,1,0.6536645210874017,15,5,17,10,0.6064854011104024,7,1.9,4,0.5753121395589288,-1
PRACT_1397,2021-08-03,Marketing,Supervisor_2,0,0.9112796918866577,1,0,17,13,0.8208844892317817,4,4.4,0,0.8133143894604871,1
PRACT_1398,2021-08-03,Finanzas,Supervisor_6,0,0.9705882444681722,0,2,10,9,0.9290194891285306,1,3.7,1,0.8377479691397015,0
PRACT_1399,2024-11-27,Marketing,Supervisor_6,0,0.9911638689735304,4,2,15,13,0.8762673953830337,2,3.9,1,0.8821065852911754,0
PRACT_1400,2021-05-08,Finanzas,Supervisor_3,0,0.9652484728406158,2,1,16,14,0.9225709547926728,2,4.3,0,0.8236393621029972,1
PRACT_1401,2023-01-30,Marketing,Supervisor_4,0,0.9773800748569034,2,2,6,5,0.86751145071209,1,3.9,0,0.8333466495610687,0
PRACT_1402,2022-02-08,Finanzas,Supervisor_2,0,0.9358362535657828,1,1,7,6,0.9039484972874535,1,4.5,0,0.8891643564143359,0
PRACT_1403,2023-11-19,Operaciones,Supervisor_2,0,0.9183198245126635,3,1,18,17,0.9936470247052341,1,4.2,0,0.868034190077698,0
PRACT_1404,2021-12-04,RRHH,Supervisor_7,0,0.9642773661618292,4,1,20,16,0.8483342451945203,4,4.7,1,0.8935316248376082,0
PRACT_1405,2023-04-11,Finanzas,Supervisor_1,0,0.9327771205841219,3,1,14,11,0.8568356000780525,3,4.9,0,0.8858344055518125,0
PRACT_1406,2022-12-15,Finanzas,Supervisor_7,0,0.9860073518989793,2,2,20,18,0.9181310453217282,2,3.7,0,0.9288956051959767,0
PRACT_1407,2021-12-27,Operaciones,Supervisor_1,1,0.5429198174923023,8,1,8,4,0.5670845255884789,4,2.0,1,0.8748758195503419,-1
PRACT_1408,2022-07-23,Finanzas,Supervisor_6,1,0.6517122949065933,5,5,16,8,0.5182399728484935,8,2.0,5,0.543145735377697,-1
PRACT_1409,2024-11-16,TI,Supervisor_3,0,0.9396727600468386,4,2,20,17,0.8638199926473712,3,3.7,0,0.819852029861839,0
PRACT_1410,2021-08-06,Operaciones,Supervisor_8,1,0.8283188487438753,13,7,19,12,0.6318413478585221,7,2.7,5,0.8411224444363607,-1
PRACT_1411,2021-07-21,TI,Supervisor_6,0,0.9153134800604404,1,1,5,4,0.8360492074622287,1,4.6,0,0.9012793409304919,1
PRACT_1412,2021-01-17,Operaciones,Supervisor_2,0,0.9009846825012011,3,2,8,7,0.9375546071090963,1,4.2,0,0.9532810047136885,1
PRACT_1413,2021-11-18,Finanzas,Supervisor_8,0,0.9238085212807118,4,0,14,12,0.9037062866633417,2,4.3,1,0.8430843807214563,0
PRACT_1414,2022-06-02,TI,Supervisor_5,0,0.9820276859768654,0,2,16,14,0.8887589681959458,2,3.6,1,0.9657725146335103,1
PRACT_1415,2024-09-10,Finanzas,Supervisor_8,0,0.9209321816047017,3,2,11,8,0.81445483400824,3,4.3,0,0.9847693248385392,0
PRACT_1416,2024-12-06,Operaciones,Supervisor_8,1,0.584307322296919,6,4,9,5,0.6584692852749869,4,2.7,1,0.7541932062185953,-1
PRACT_1417,2024-09-03,Finanzas,Supervisor_6,0,0.9129898804536811,3,1,18,17,0.9995672792583123,1,4.4,1,0.8211758042947604,1
PRACT_1418,2022-11-12,TI,Supervisor_2,0,0.9715436203276541,0,1,13,10,0.8179971112699241,3,3.9,1,0.9790589628312678,1
PRACT_1419,2024-01-11,TI,Supervisor_8,0,0.9069174190505417,3,1,5,4,0.9596407651487884,1,4.5,0,0.9584975454740143,1
PRACT_1420,2022-03-01,Finanzas,Supervisor_6,1,0.6159229058149825,9,2,10,5,0.5675548459482475,5,2.0,3,0.8003511106057959,-1
PRACT_1421,2024-05-12,Marketing,Supervisor_6,0,0.9282498726620965,2,0,14,12,0.9244626594911756,2,4.3,0,0.8073456377811832,1
PRACT_1422,2023-10-16,Operaciones,Supervisor_8,0,0.9555159729790155,0,2,18,16,0.8906272662957,2,4.2,1,0.9597925050513942,0
PRACT_1423,2022-01-22,Operaciones,Supervisor_1,0,0.9730416265019736,0,2,14,12,0.8963642670828396,2,4.1,0,0.8275902020936714,0
PRACT_1424,2023-02-17,Finanzas,Supervisor_2,0,0.9532876434696748,0,1,5,4,0.9699035332385356,1,4.6,1,0.8444772352393777,1
PRACT_1425,2021-04-08,Marketing,Supervisor_9,1,0.8258590975412736,13,5,7,3,0.5602745268768476,4,2.8,4,0.730853933947703,0
PRACT_1426,2024-09-30,TI,Supervisor_8,1,0.8330049236105661,8,1,17,10,0.6368315196446365,7,1.5,2,0.6059923091667532,-1
PRACT_1427,2021-07-27,RRHH,Supervisor_7,0,0.9361465328498515,4,2,11,9,0.8779311829406365,2,4.9,0,0.932269641262384,1
PRACT_1428,2022-08-09,RRHH,Supervisor_7,1,0.7721881316962125,6,6,12,8,0.6951537768542637,4,2.3,4,0.7432281790796327,-1
PRACT_1429,2021-06-15,Finanzas,Supervisor_5,0,0.973880138326819,4,2,19,17,0.8973133367215876,2,4.6,1,0.8216299196026525,1
PRACT_1430,2021-01-22,Marketing,Supervisor_2,1,0.8125376070966895,13,7,19,10,0.5471435221624201,9,2.8,3,0.7624058318366025,-1
PRACT_1431,2021-06-03,Marketing,Supervisor_6,0,0.9447943640207703,3,0,16,13,0.8727112587735346,3,4.2,0,0.984790981964986,1
PRACT_1432,2024-08-11,Operaciones,Supervisor_10,0,0.9530473187197792,3,0,19,15,0.8337138288784226,4,4.8,0,0.8322219810371667,0
PRACT_1433,2021-08-07,TI,Supervisor_3,0,0.9415774313581574,0,2,14,12,0.8945226417268279,2,3.8,1,0.9194124041885775,1
PRACT_1434,2022-10-31,Marketing,Supervisor_4,0,0.9850376919299706,3,1,19,18,0.989373479499193,1,3.7,1,0.8683730743873388,1
PRACT_1435,2021-08-18,RRHH,Supervisor_10,0,0.9229702315362135,0,1,5,4,0.8681352737940322,1,4.5,1,0.8919223343547208,0
PRACT_1436,2021-01-20,TI,Supervisor_2,0,0.9239709078242445,4,2,9,7,0.825827280813267,2,4.8,0,0.857400035815794,0
PRACT_1437,2022-07-07,TI,Supervisor_2,0,0.937260510357708,2,2,8,6,0.8145967479227539,2,4.8,1,0.8708261272695391,1
PRACT_1438,2023-08-08,Finanzas,Supervisor_8,0,0.9230342832102352,3,1,16,15,0.9483321777436178,1,4.5,1,0.8057823646533115,1
PRACT_1439,2021-05-28,Marketing,Supervisor_8,0,0.956100683641492,0,1,15,13,0.9162585951011297,2,4.3,1,0.9963103475834441,0
PRACT_1440,2024-02-06,Finanzas,Supervisor_10,0,0.9134490106495502,0,1,12,9,0.8220042485982954,3,4.0,0,0.9249599844145496,1
PRACT_1441,2022-02-07,Marketing,Supervisor_6,1,0.6120651767914194,12,7,19,12,0.6670942624961953,7,3.0,1,0.7002822361975541,0
PRACT_1442,2022-08-19,Operaciones,Supervisor_5,0,0.991344469847559,3,0,10,9,0.9954290665600811,1,4.0,0,0.8767430699000653,0
PRACT_1443,2022-01-02,Finanzas,Supervisor_8,0,0.9409225480191796,1,1,12,11,0.9873874730065346,1,4.6,1,0.9078749117648055,1
PRACT_1444,2024-12-08,Finanzas,Supervisor_4,0,0.974823371649351,0,1,15,12,0.8302682517383067,3,4.3,1,0.8760211997431608,0
PRACT_1445,2024-08-25,RRHH,Supervisor_4,1,0.5397117670973008,8,6,8,3,0.4933135959253917,5,2.4,5,0.6439631709974694,-1
PRACT_1446,2023-03-13,Finanzas,Supervisor_5,0,0.9247564508141785,0,2,13,10,0.8378667506994142,3,4.1,0,0.8927893083444026,0
PRACT_1447,2023-07-07,Marketing,Supervisor_1,0,0.9807345621200368,1,0,10,8,0.8634027802301805,2,4.9,1,0.8551966067342383,1
PRACT_1448,2024-03-03,RRHH,Supervisor_1,1,0.7670475277013928,7,1,15,9,0.6361169961971098,6,2.4,5,0.5720199599867142,0
PRACT_1449,2024-07-30,Finanzas,Supervisor_2,1,0.6351545715078374,11,4,6,4,0.66970711816401,2,2.9,2,0.7226423592721174,-1
PRACT_1450,2021-03-14,Finanzas,Supervisor_8,0,0.9954396902033474,1,1,20,17,0.8929076927048839,3,3.5,0,0.9685530872300603,1
PRACT_1451,2022-04-26,Operaciones,Supervisor_7,0,0.9910643015834546,4,2,20,19,0.9724037278021334,1,4.4,0,0.8305656355451785,1
PRACT_1452,2024-10-07,Finanzas,Supervisor_10,0,0.996230074911224,3,0,17,14,0.8439849096078749,3,4.6,0,0.8065468681208438,0
PRACT_1453,2022-07-14,TI,Supervisor_9,1,0.6497701415657249,6,3,8,4,0.5532008207309702,4,2.6,4,0.5987246980616144,-1
PRACT_1454,2024-09-11,RRHH,Supervisor_5,0,0.9197473583685684,2,0,20,19,0.9980931464123153,1,4.9,0,0.9959441286907622,1
PRACT_1455,2023-01-15,TI,Supervisor_2,0,0.9626658639091341,0,1,20,18,0.9441504436555269,2,3.5,1,0.9657516147486679,1
PRACT_1456,2021-04-10,RRHH,Supervisor_7,1,0.7396706053977194,8,7,18,8,0.4635944562397784,10,1.5,5,0.7383464214114386,0
PRACT_1457,2023-12-19,Operaciones,Supervisor_8,0,0.912544178445052,1,1,12,11,0.9850773428650685,1,4.2,0,0.9858497830486272,0
PRACT_1458,2022-05-23,Finanzas,Supervisor_7,0,0.9786483034295906,2,0,18,17,0.9913055498156018,1,3.5,1,0.8890558233674489,1
PRACT_1459,2021-09-15,Finanzas,Supervisor_7,0,0.901806021975996,1,0,7,5,0.8412583630144728,2,5.0,1,0.9966561205150348,0
PRACT_1460,2022-02-17,Finanzas,Supervisor_5,0,0.9482728387476783,4,1,14,11,0.8371926448116264,3,3.8,0,0.8592604090238568,1
PRACT_1461,2023-12-25,RRHH,Supervisor_2,0,0.9331016259494895,3,0,8,6,0.8271082026181674,2,4.2,1,0.8480611499031878,1
PRACT_1462,2022-08-18,Finanzas,Supervisor_6,0,0.9740303059899085,0,1,19,15,0.8327283682655848,4,3.6,0,0.9276096402294022,0
PRACT_1463,2024-03-23,TI,Supervisor_4,0,0.9312760727421816,2,1,6,5,0.9313615043047778,1,4.3,1,0.8756307935900721,1
PRACT_1464,2021-09-23,Finanzas,Supervisor_10,0,0.9826807112781033,1,1,11,8,0.8161739491664213,3,4.1,1,0.9252731083952516,1
PRACT_1465,2023-04-01,Operaciones,Supervisor_2,1,0.7082337210732836,8,5,9,5,0.6040170624564691,4,1.6,1,0.6219982073210744,0
PRACT_1466,2024-01-08,TI,Supervisor_9,0,0.9793893361762072,1,2,11,9,0.8189864019131237,2,4.0,0,0.9235836513675982,0
PRACT_1467,2024-08-31,Finanzas,Supervisor_7,1,0.8462692232438683,8,6,14,7,0.5092474594551648,7,2.1,2,0.6102985042340145,0
PRACT_1468,2022-10-24,Finanzas,Supervisor_6,0,0.9679158345743557,4,2,16,14,0.9356853334017474,2,5.0,1,0.810194413763778,1
PRACT_1469,2023-08-05,Marketing,Supervisor_5,1,0.8447326107265754,14,1,12,5,0.43921609568502895,7,1.8,2,0.8648543607692734,-1
PRACT_1470,2022-07-14,RRHH,Supervisor_3,0,0.9028836326921705,4,0,15,12,0.8157564142007829,3,4.3,1,0.9766410403746925,0
PRACT_1471,2023-07-06,TI,Supervisor_10,0,0.9338139988483809,2,2,20,18,0.9352779138816869,2,5.0,0,0.9941596298545343,1
PRACT_1472,2023-06-10,Marketing,Supervisor_10,0,0.9107853264562309,4,1,10,8,0.8469088201496107,2,4.7,0,0.9433054352442809,0
PRACT_1473,2024-06-25,Operaciones,Supervisor_4,1,0.5918067259845539,8,5,6,2,0.4437577402027451,4,3.0,5,0.7730884710941213,-1
PRACT_1474,2023-05-18,RRHH,Supervisor_3,0,0.9838887899125774,2,1,6,5,0.8656206951683644,1,5.0,1,0.9118006140149661,1
PRACT_1475,2022-09-02,TI,Supervisor_8,0,0.9032323265326091,1,1,5,4,0.8191610711573771,1,4.2,1,0.8251884832705045,1
PRACT_1476,2022-02-18,Finanzas,Supervisor_3,0,0.9520182935732394,1,2,14,12,0.892925414173709,2,4.5,1,0.837847062189854,1
PRACT_1477,2021-01-25,TI,Supervisor_7,1,0.6984950476363305,13,5,17,10,0.632351231906598,7,1.7,4,0.6157878754690145,-1
PRACT_1478,2021-10-11,Finanzas,Supervisor_7,0,0.9561151146671956,0,2,9,7,0.811167644175295,2,4.2,1,0.9780312725146789,1
PRACT_1479,2023-05-31,RRHH,Supervisor_7,0,0.9475297073823256,1,0,5,4,0.8751454514124872,1,4.7,0,0.834593904920615,1
PRACT_1480,2021-10-28,Finanzas,Supervisor_7,0,0.9790602964769756,3,2,14,12,0.898022295327291,2,4.3,1,0.9845746348975781,0
PRACT_1481,2023-12-28,Operaciones,Supervisor_2,1,0.546740081326943,5,1,9,4,0.5465063860843601,5,2.6,1,0.7091142932205668,0
PRACT_1482,2023-10-28,Finanzas,Supervisor_10,0,0.9310577015550787,4,0,18,17,0.9517527501403755,1,4.6,1,0.9431139270946145,1
PRACT_1483,2023-03-28,Operaciones,Supervisor_3,0,0.9615726053445173,1,0,11,9,0.8777396195653205,2,3.9,1,0.8220488973361133,1
PRACT_1484,2024-03-06,RRHH,Supervisor_10,0,0.9690951366267956,4,1,5,4,0.9628421796765736,1,4.8,0,0.8538067097551822,1
PRACT_1485,2024-04-02,RRHH,Supervisor_9,0,0.9404148431777056,3,1,14,11,0.8513475549265623,3,4.2,0,0.9917037216362853,0
PRACT_1486,2021-03-24,TI,Supervisor_3,0,0.9875371263327233,4,2,5,4,0.975864684973944,1,3.8,0,0.8532299893859463,1
PRACT_1487,2024-12-14,Operaciones,Supervisor_2,0,0.9415493396695914,0,2,6,5,0.8676215982519406,1,4.8,0,0.8593043440782293,1
PRACT_1488,2024-01-02,Operaciones,Supervisor_9,0,0.9402776134348333,0,0,12,10,0.9137538205045754,2,4.1,1,0.8395194769682159,1
PRACT_1489,2024-06-14,Marketing,Supervisor_10,0,0.9036207261487386,2,0,7,5,0.8414797435658273,2,4.6,1,0.825814733061366,1
PRACT_1490,2021-02-15,Marketing,Supervisor_9,0,0.9551141336194734,1,1,7,6,0.9991040456528757,1,4.3,1,0.8466515282907996,0
PRACT_1491,2022-09-10,Marketing,Supervisor_4,0,0.9708680838511905,3,1,14,11,0.8511284058617551,3,4.1,0,0.9284653783901597,0
PRACT_1492,2023-07-17,Finanzas,Supervisor_9,0,0.9114438163516848,1,1,6,5,0.8562055852540406,1,4.7,1,0.8910735467007127,0
PRACT_1493,2021-09-19,Marketing,Supervisor_3,0,0.9305432766087871,4,2,20,17,0.885521297488406,3,4.4,0,0.9107511672675798,1
PRACT_1494,2021-06-25,Operaciones,Supervisor_7,0,0.9781256953782852,3,1,5,4,0.9418247681630458,1,4.1,0,0.824472965753205,0
PRACT_1495,2024-04-04,Finanzas,Supervisor_7,0,0.9365919435413576,3,2,9,8,0.9858980845534933,1,3.7,1,0.96042328943258,1
PRACT_1496,2022-10-19,RRHH,Supervisor_8,0,0.924160246204004,0,1,9,8,0.9386851684032547,1,4.8,0,0.9568189401159696,0
PRACT_1497,2023-04-22,TI,Supervisor_10,0,0.9672200663565113,4,1,14,13,0.9674562547398117,1,3.6,0,0.8043179822285351,1
PRACT_1498,2022-01-05,Marketing,Supervisor_4,0,0.9196758777671655,0,0,13,12,0.9257721170689004,1,4.8,1,0.876703018902061,0
PRACT_1499,2021-02-23,RRHH,Supervisor_3,0,0.9895652919583177,0,2,6,4,0.825053518826493,2,4.0,1,0.8137541203942296,1
PRACT_1500,2022-11-21,Operaciones,Supervisor_3,1,0.5369594386091493,11,6,19,12,0.6556418691563427,7,2.5,5,0.8168423117659833,-1
PRACT_1501,2024-12-13,TI,Supervisor_5,0,0.9706549802282827,2,0,6,5,0.8525019281825198,1,4.9,1,0.9474539366251409,1
PRACT_1502,2024-09-26,RRHH,Supervisor_1,0,0.9499548701286376,0,2,10,9,0.981731112268072,1,3.7,1,0.9803976188586312,1
PRACT_1503,2024-02-25,TI,Supervisor_10,0,0.9869929562396994,1,2,6,5,0.9189711002926046,1,4.4,0,0.847280791790623,0
PRACT_1504,2024-12-03,Marketing,Supervisor_3,0,0.9126195091026237,3,1,9,7,0.8023253202570734,2,4.6,0,0.8912591766255598,0
PRACT_1505,2022-01-02,Operaciones,Supervisor_6,0,0.9677894918496088,0,2,10,8,0.8073263279699239,2,4.6,1,0.8368975754328796,1
PRACT_1506,2024-07-18,TI,Supervisor_3,0,0.9572054639181382,1,0,16,15,0.9596365979149686,1,4.3,1,0.8742469868948239,1
PRACT_1507,2022-10-06,RRHH,Supervisor_5,0,0.9480090142240046,4,0,14,13,0.9779515629946308,1,4.4,0,0.9044486503133768,0
PRACT_1508,2022-01-14,Marketing,Supervisor_9,0,0.9491407263432668,3,2,17,14,0.8542921326041982,3,4.6,1,0.8106661579677178,1
PRACT_1509,2021-03-14,Marketing,Supervisor_2,0,0.9721976961798531,4,0,15,13,0.9055818395663137,2,4.8,0,0.9429740821354771,1
PRACT_1510,2023-07-04,RRHH,Supervisor_2,0,0.9937741654934822,1,2,16,15,0.9611527665086014,1,4.6,0,0.908658672074215,0
PRACT_1511,2024-06-25,RRHH,Supervisor_6,1,0.5319380806916668,12,5,7,3,0.5393600753974291,4,2.0,4,0.8315836068842694,-1
PRACT_1512,2023-05-10,TI,Supervisor_6,0,0.901950264761052,4,2,7,5,0.834882108643283,2,5.0,1,0.8543561002382395,1
PRACT_1513,2021-02-12,Finanzas,Supervisor_8,1,0.7819966773684213,11,3,20,9,0.49359352049436955,11,2.2,4,0.8613284421077019,-1
PRACT_1514,2022-01-12,Marketing,Supervisor_2,0,0.910816938755076,4,2,14,11,0.85179969090562,3,3.5,0,0.9997388506060887,0
PRACT_1515,2023-12-01,TI,Supervisor_9,0,0.9986696796080424,4,0,14,11,0.8365577066729799,3,4.0,1,0.9838596876755349,0
PRACT_1516,2021-06-19,RRHH,Supervisor_2,0,0.9619348248958838,0,2,6,4,0.8242609409130328,2,3.7,0,0.9555784951666308,0
PRACT_1517,2021-07-31,TI,Supervisor_1,0,0.9650866395254141,0,2,18,15,0.8775797802912813,3,3.7,1,0.9624737605747562,1
PRACT_1518,2021-02-08,RRHH,Supervisor_10,1,0.5696120960283061,13,6,8,5,0.6921244642353881,3,1.9,3,0.7294976970178346,-1
PRACT_1519,2022-01-04,Operaciones,Supervisor_2,0,0.9240312310296674,3,1,16,13,0.8423717805728169,3,3.6,1,0.8380307725825221,0
PRACT_1520,2023-01-27,RRHH,Supervisor_7,1,0.7307726060847375,14,3,19,8,0.47246284381479337,11,2.5,3,0.7708162740590869,0
PRACT_1521,2021-05-31,RRHH,Supervisor_8,0,0.9909726837934197,0,1,16,13,0.8285193757327187,3,3.6,1,0.9425506004119864,0
PRACT_1522,2024-02-09,RRHH,Supervisor_5,1,0.8438366940811484,9,3,7,2,0.4104226437766981,5,1.8,2,0.8941540561071624,-1
PRACT_1523,2024-12-30,Finanzas,Supervisor_6,0,0.9198030946631094,4,1,11,8,0.8014806917289783,3,3.6,0,0.9082602632512644,1
PRACT_1524,2023-12-07,RRHH,Supervisor_1,0,0.913411962270979,4,0,19,15,0.8273760639383656,4,3.6,0,0.8542738030050113,1
PRACT_1525,2023-10-21,Marketing,Supervisor_6,0,0.905640135776079,4,0,16,14,0.9118588775290601,2,3.9,0,0.9367345043479014,1
PRACT_1526,2023-01-07,Marketing,Supervisor_8,0,0.9868297018161328,2,2,18,15,0.8791293642393425,3,4.4,1,0.9958751639332909,0
PRACT_1527,2024-10-21,TI,Supervisor_3,0,0.9294714846856469,3,2,14,11,0.823122377638483,3,4.9,0,0.8354427816538188,1
PRACT_1528,2021-03-10,Finanzas,Supervisor_1,0,0.9001812033869252,1,0,15,14,0.9663069944893751,1,4.8,0,0.8651995837071206,1
PRACT_1529,2021-10-26,TI,Supervisor_4,1,0.57833633011975,6,5,7,3,0.4663105429801855,4,2.8,4,0.7167523815090724,0
PRACT_1530,2023-08-02,Marketing,Supervisor_1,0,0.9340441080099419,0,1,7,5,0.8256270080501048,2,3.8,1,0.834042926976401,0
PRACT_1531,2023-03-13,Marketing,Supervisor_8,0,0.9990986169496685,2,2,7,6,0.9960783038721387,1,3.9,1,0.8044441279039877,0
PRACT_1532,2021-10-23,Operaciones,Supervisor_5,0,0.9523541593857082,1,0,6,4,0.8322327375792322,2,3.6,1,0.8673966244882502,1
PRACT_1533,2021-07-22,RRHH,Supervisor_1,0,0.9204713947595101,3,0,7,6,0.9454529317185499,1,4.7,1,0.9730741603002117,1
PRACT_1534,2021-03-02,Marketing,Supervisor_8,0,0.9334818344713451,4,2,9,8,0.9397970216348971,1,3.6,1,0.808693679864743,1
PRACT_1535,2023-08-04,TI,Supervisor_9,0,0.9330307687556879,0,1,9,7,0.8270917229818473,2,4.3,0,0.8857858118033836,0
PRACT_1536,2023-08-21,TI,Supervisor_10,0,0.9019725746463175,3,1,7,5,0.8292751877336314,2,3.9,0,0.9524401545852165,0
PRACT_1537,2024-08-30,RRHH,Supervisor_2,0,0.9135183054171431,1,1,11,10,0.95815096733483,1,3.9,1,0.9906365193821771,1
PRACT_1538,2024-03-30,RRHH,Supervisor_9,0,0.9695196459703211,2,1,15,14,0.9970019495658893,1,5.0,0,0.9970950798008864,1
PRACT_1539,2021-11-27,Operaciones,Supervisor_8,0,0.9120250986570735,0,0,9,8,0.9201684851731828,1,4.6,0,0.8843938761217484,0
PRACT_1540,2021-12-04,Finanzas,Supervisor_7,0,0.9230734276606118,1,2,13,12,0.9738918233075775,1,4.8,0,0.9900768588758235,0
PRACT_1541,2024-08-20,TI,Supervisor_3,0,0.9350737298404309,0,2,5,4,0.856577214413711,1,4.4,0,0.8070837946561727,1
PRACT_1542,2024-09-23,RRHH,Supervisor_2,0,0.9757734944502294,1,0,6,5,0.9048571966749502,1,4.8,1,0.9491833875997113,1
PRACT_1543,2022-10-01,TI,Supervisor_7,0,0.958240096486794,4,0,15,14,0.9628589038695106,1,4.5,1,0.9285492069267226,1
PRACT_1544,2021-10-02,RRHH,Supervisor_5,0,0.9688999984988569,2,0,9,7,0.8594234316255684,2,4.9,0,0.8499043715172305,1
PRACT_1545,2024-04-02,Marketing,Supervisor_6,1,0.6984543138970603,14,7,12,7,0.6498705168473788,5,1.9,5,0.7029274002718595,-1
PRACT_1546,2021-11-15,TI,Supervisor_4,0,0.968359242522187,3,2,15,14,0.9447590460349571,1,4.4,0,0.8259107475520991,0
PRACT_1547,2022-08-12,Marketing,Supervisor_2,1,0.5009947537823903,11,7,17,9,0.5501269730897601,8,2.5,5,0.8486388603806244,-1
PRACT_1548,2022-05-19,TI,Supervisor_9,0,0.993089814437143,4,1,14,11,0.851422932600829,3,4.1,1,0.8715796171091297,1
PRACT_1549,2022-01-22,Finanzas,Supervisor_3,0,0.9110920230874807,3,0,16,12,0.8088688425124679,4,4.8,1,0.9252088940931433,1
PRACT_1550,2023-05-20,Operaciones,Supervisor_7,0,0.9406249095976905,1,0,17,16,0.9564883270400387,1,5.0,1,0.8317552572574525,1
PRACT_1551,2023-04-13,Marketing,Supervisor_8,1,0.7698634295856992,15,1,19,10,0.5553524165820597,9,2.2,4,0.5824659378524828,-1
PRACT_1552,2023-10-12,RRHH,Supervisor_2,0,0.9435230718009424,3,2,10,9,0.9764424823634628,1,4.1,1,0.9983912741606304,1
PRACT_1553,2022-08-26,Finanzas,Supervisor_6,1,0.8313948930836306,6,1,15,7,0.4687004277109103,8,2.2,2,0.8012345577765317,0
PRACT_1554,2022-11-22,TI,Supervisor_8,1,0.6636561319745684,8,5,8,4,0.5548152467025378,4,2.8,2,0.8847887479096284,-1
PRACT_1555,2022-05-09,Marketing,Supervisor_7,0,0.9874939405602672,4,1,14,11,0.8527933473471185,3,4.5,1,0.8591702330424089,0
PRACT_1556,2022-05-05,TI,Supervisor_3,0,0.9810828113362271,1,2,12,11,0.9902065849497212,1,3.6,0,0.8329125753239641,1
PRACT_1557,2022-12-22,TI,Supervisor_1,0,0.9980986302798683,4,0,16,13,0.8278876654299948,3,4.3,1,0.9006136926957662,1
PRACT_1558,2024-01-02,TI,Supervisor_6,0,0.9926547780750975,0,2,10,9,0.930916960038292,1,3.5,0,0.8989336564454687,0
PRACT_1559,2022-05-24,Operaciones,Supervisor_8,1,0.8143433421495075,14,4,11,6,0.63580014762321,5,2.7,2,0.5699786055031951,-1
PRACT_1560,2022-01-25,Operaciones,Supervisor_6,1,0.7560615191818139,13,3,14,9,0.6756937976501195,5,2.0,1,0.7932878278325641,-1
PRACT_1561,2021-10-22,RRHH,Supervisor_5,0,0.9366998147268221,4,2,16,14,0.8912134289941848,2,4.2,0,0.8723555068877469,1
PRACT_1562,2024-10-24,Marketing,Supervisor_8,0,0.9106125418564902,4,1,13,10,0.840925094511804,3,4.7,1,0.8372730461861035,0
PRACT_1563,2023-03-07,Finanzas,Supervisor_2,0,0.968864505226439,3,2,18,15,0.8880260836547601,3,3.6,0,0.8663966789086577,1
PRACT_1564,2023-05-15,Finanzas,Supervisor_1,0,0.9978654081337965,0,2,17,16,0.9679719145348084,1,3.7,1,0.9127317399270031,1
PRACT_1565,2022-07-03,Finanzas,Supervisor_1,1,0.7543115530661542,7,4,15,9,0.6172722360440237,6,2.1,3,0.7905883728721773,0
PRACT_1566,2022-10-11,TI,Supervisor_4,0,0.9928729369277336,3,2,8,7,0.9105893787155785,1,3.8,0,0.8963781772114969,0
PRACT_1567,2022-07-22,Operaciones,Supervisor_6,0,0.9804304712955517,4,0,5,4,0.8096488246273084,1,4.0,0,0.9051189979656747,1
PRACT_1568,2024-04-25,Marketing,Supervisor_9,0,0.9163114675116679,1,1,15,12,0.8245480109349241,3,5.0,1,0.8277891871885498,0
PRACT_1569,2023-05-03,TI,Supervisor_1,0,0.9249203770591288,0,0,20,17,0.8772264899654323,3,4.7,0,0.9829381849416464,0
PRACT_1570,2023-02-09,Operaciones,Supervisor_1,0,0.934186560176235,2,1,13,11,0.8509763912822368,2,4.8,0,0.9857448395984089,0
PRACT_1571,2022-03-21,Operaciones,Supervisor_5,0,0.9168260444338004,1,1,15,13,0.9041969085016801,2,4.9,1,0.9366853180836008,1
PRACT_1572,2021-12-29,Marketing,Supervisor_10,0,0.9581651332673007,0,2,12,11,0.9676298330752714,1,4.0,1,0.803526281786805,0
PRACT_1573,2021-05-03,Marketing,Supervisor_5,0,0.9975450524134951,3,2,16,14,0.8901888644352455,2,3.9,0,0.9074148431806652,0
PRACT_1574,2024-04-26,Marketing,Supervisor_5,1,0.7665105917026556,8,5,7,4,0.6765536498643354,3,1.9,3,0.7516875888354455,-1
PRACT_1575,2023-01-12,TI,Supervisor_10,0,0.9423386749067462,0,1,20,18,0.9383140755536112,2,4.7,1,0.9989308445916221,1
PRACT_1576,2022-11-11,RRHH,Supervisor_6,0,0.9004504480980289,2,2,6,5,0.8461635570375563,1,4.5,1,0.9992133910389593,1
PRACT_1577,2022-02-24,Marketing,Supervisor_8,0,0.9313276011138178,0,2,18,16,0.9164401801514576,2,3.9,1,0.9715222470651115,1
PRACT_1578,2024-06-29,RRHH,Supervisor_3,0,0.9526759287692216,1,2,17,15,0.9160437927381081,2,4.1,1,0.8127661984052228,0
PRACT_1579,2024-09-20,TI,Supervisor_9,0,0.932425087385197,1,2,8,6,0.8217055581115777,2,4.3,1,0.990655278155746,0
PRACT_1580,2021-04-02,RRHH,Supervisor_1,0,0.911103492302386,3,0,13,12,0.9493133347606786,1,4.3,0,0.9225322494303998,0
PRACT_1581,2021-03-04,Finanzas,Supervisor_4,0,0.9442764956861894,0,0,8,6,0.8669314574249003,2,4.8,1,0.9601773540958359,1
PRACT_1582,2022-05-27,RRHH,Supervisor_9,0,0.9253252816965717,3,2,9,8,0.9850659473749197,1,4.1,1,0.8814385699371707,0
PRACT_1583,2024-03-08,Marketing,Supervisor_8,0,0.9909232376461501,2,2,20,16,0.8426026168065153,4,4.9,0,0.863933894246918,0
PRACT_1584,2024-04-23,TI,Supervisor_10,0,0.9101754528501016,1,2,10,8,0.809562212740496,2,4.2,1,0.8926488290967616,1
PRACT_1585,2024-05-13,Marketing,Supervisor_9,1,0.5172034200536486,9,4,5,3,0.6237766358476821,2,2.6,1,0.5587498051875308,-1
PRACT_1586,2023-02-11,Finanzas,Supervisor_1,0,0.9005314169154862,0,2,17,15,0.9115897482868961,2,4.9,1,0.8714132277506612,0
PRACT_1587,2024-05-22,Marketing,Supervisor_9,0,0.9328069684485658,0,2,20,19,0.9929505065663661,1,4.9,1,0.9715234999536557,0
PRACT_1588,2021-09-13,Marketing,Supervisor_3,0,0.9660386838200888,4,1,19,15,0.8071979657737336,4,3.6,1,0.8075900972521763,0
PRACT_1589,2021-05-15,Marketing,Supervisor_10,0,0.9730413752881792,0,1,16,15,0.9489262887708096,1,3.8,1,0.830175609364921,1
PRACT_1590,2023-05-25,Operaciones,Supervisor_9,0,0.9453261683381723,1,1,18,15,0.8716170603786757,3,4.2,0,0.8250232319298971,1
PRACT_1591,2023-04-02,Finanzas,Supervisor_1,0,0.9684328650455267,2,1,20,16,0.8420965672585318,4,4.1,0,0.8806151085400457,0
PRACT_1592,2021-03-29,Marketing,Supervisor_1,1,0.6259699126753772,7,3,6,4,0.6940966218183477,2,2.5,2,0.8987947603563446,-1
PRACT_1593,2023-09-15,Marketing,Supervisor_9,0,0.9667806219986617,3,1,11,10,0.974601261591113,1,4.9,1,0.8346715860422765,1
PRACT_1594,2024-05-15,Marketing,Supervisor_6,0,0.9040595985302373,1,1,12,11,0.9358138197953937,1,3.7,1,0.829096529919852,1
PRACT_1595,2024-02-27,TI,Supervisor_4,0,0.9390752984567005,0,0,13,11,0.8571855119307977,2,4.2,1,0.9830111459552309,0
PRACT_1596,2023-04-03,Operaciones,Supervisor_7,0,0.9790849677633179,0,1,13,12,0.9723265212491095,1,3.8,1,0.9764101033931931,1
PRACT_1597,2023-10-24,TI,Supervisor_5,0,0.9803006030459002,3,1,15,12,0.8486605752689207,3,4.8,0,0.806448073999311,0
PRACT_1598,2023-09-01,Operaciones,Supervisor_10,0,0.9716148778875695,3,2,6,4,0.818698472316798,2,4.9,1,0.950341192035863,1
PRACT_1599,2023-07-23,Marketing,Supervisor_7,0,0.9204238620569865,0,1,17,15,0.9303729895334375,2,4.2,0,0.9310931402952859,1
PRACT_1600,2021-05-01,Finanzas,Supervisor_8,1,0.5865217916257216,5,2,6,4,0.675289957276513,2,1.7,1,0.8070963239410835,-1
PRACT_1601,2024-11-09,RRHH,Supervisor_8,0,0.9996088727264513,1,2,20,19,0.9917934692314492,1,4.7,1,0.8989004909591845,1
PRACT_1602,2023-11-28,RRHH,Supervisor_1,0,0.910337800720196,3,1,6,5,0.9064797374453826,1,4.5,0,0.998275843689659,0
PRACT_1603,2024-09-26,Marketing,Supervisor_8,0,0.918066269890241,1,2,5,4,0.9701415583456996,1,4.0,0,0.8087694037421926,1
PRACT_1604,2023-10-05,TI,Supervisor_6,0,0.9130026255650133,0,1,19,18,0.9506776229839672,1,4.8,0,0.8468743172807611,1
PRACT_1605,2023-07-14,Finanzas,Supervisor_4,0,0.9327654963683616,4,0,16,13,0.823408916275354,3,5.0,1,0.879309197394723,1
PRACT_1606,2022-10-07,Operaciones,Supervisor_8,0,0.9210175835233924,4,0,19,18,0.9926405281942834,1,4.3,0,0.8899555883131407,0
PRACT_1607,2022-12-15,Marketing,Supervisor_3,0,0.9497687959547773,0,1,5,4,0.983435087024813,1,4.3,0,0.9842734805399037,1
PRACT_1608,2023-05-10,Finanzas,Supervisor_4,1,0.666607247408042,12,5,7,3,0.520576056097803,4,1.9,2,0.7240017456309036,-1
PRACT_1609,2021-01-21,Finanzas,Supervisor_6,0,0.9901505619451303,3,2,9,7,0.8725877558450676,2,4.4,0,0.8090221991040788,0
PRACT_1610,2021-08-30,Operaciones,Supervisor_7,0,0.9034739947444782,4,1,12,10,0.8546767836227558,2,4.2,1,0.8815725926851324,0
PRACT_1611,2022-03-31,Finanzas,Supervisor_4,1,0.6119578518337172,12,7,5,3,0.6350405654314947,2,2.0,2,0.666596164947628,-1
PRACT_1612,2023-08-21,TI,Supervisor_4,0,0.959665789199709,3,0,14,11,0.8069963747032307,3,3.6,0,0.993098187687557,1
PRACT_1613,2022-09-13,TI,Supervisor_7,0,0.9604801761843964,4,2,16,14,0.8892074655335058,2,3.9,0,0.9198394182042217,1
PRACT_1614,2021-10-30,TI,Supervisor_6,0,0.948012622901421,3,0,14,13,0.9927906850776574,1,3.8,0,0.9271302142317878,1
PRACT_1615,2023-03-14,Finanzas,Supervisor_8,0,0.9815665540814633,1,0,7,6,0.9371153723630794,1,4.3,1,0.9426506062502542,0
PRACT_1616,2023-08-22,TI,Supervisor_1,0,0.9062722171414459,3,0,9,8,0.9040817529365197,1,4.4,0,0.9540078631364246,1
PRACT_1617,2021-03-10,Operaciones,Supervisor_10,1,0.7854207179530476,6,7,16,10,0.6697366301981412,6,2.4,5,0.7540204280809957,0
PRACT_1618,2024-02-27,Finanzas,Supervisor_7,0,0.9494754240435703,1,0,10,9,0.9530703987839307,1,4.1,1,0.8474388702267871,0
PRACT_1619,2021-07-15,RRHH,Supervisor_7,0,0.9133760695077002,0,1,8,7,0.951961381420064,1,4.1,1,0.9748091828682328,0
PRACT_1620,2021-05-20,Finanzas,Supervisor_7,0,0.9885701913540478,1,0,7,5,0.8390533870382109,2,4.8,1,0.946423960082126,0
PRACT_1621,2021-10-10,Operaciones,Supervisor_7,0,0.9649228779540964,2,1,10,9,0.9216768433633051,1,4.2,1,0.9483740970193912,1
PRACT_1622,2021-11-08,RRHH,Supervisor_10,0,0.9163545686824139,1,1,17,13,0.8018411334781287,4,5.0,0,0.9993113478469499,0
PRACT_1623,2023-01-16,Finanzas,Supervisor_10,0,0.9033649723399026,3,1,19,15,0.8199177296656678,4,4.2,0,0.9605053069726632,0
PRACT_1624,2021-10-04,TI,Supervisor_8,1,0.5493883769164273,14,2,7,4,0.6528157370618406,3,2.5,5,0.8316605612620613,-1
PRACT_1625,2021-03-02,Marketing,Supervisor_9,0,0.9608797960180394,3,2,20,19,0.9674148891638189,1,3.6,1,0.9902811031420317,1
PRACT_1626,2024-09-04,Marketing,Supervisor_9,0,0.9179296235260048,3,1,19,18,0.9919873143597768,1,4.5,0,0.8302267999697788,0
PRACT_1627,2021-02-21,TI,Supervisor_2,0,0.9225763074875029,2,0,13,12,0.9365164339685226,1,4.8,1,0.8995454752956136,0
PRACT_1628,2021-06-02,Marketing,Supervisor_7,0,0.9025139725756315,1,1,11,9,0.8567692296692273,2,4.9,1,0.9161134047181575,1
PRACT_1629,2024-08-27,Marketing,Supervisor_7,0,0.9722930672238603,1,0,18,16,0.9319456280809768,2,5.0,1,0.8658551458444915,1
PRACT_1630,2022-06-28,TI,Supervisor_4,0,0.9810364399759437,4,2,17,13,0.8154974580271499,4,3.9,0,0.9678806687789011,1
PRACT_1631,2022-07-21,TI,Supervisor_9,0,0.9796848176772124,4,1,16,13,0.8402845817645606,3,4.4,1,0.9524839243291447,1
PRACT_1632,2024-11-13,Finanzas,Supervisor_8,0,0.9127568151364285,0,0,19,16,0.8722485588082021,3,4.2,0,0.9441766149016249,1
PRACT_1633,2022-09-14,Finanzas,Supervisor_1,0,0.990330112738876,3,2,19,16,0.8709439611797604,3,4.3,0,0.9994298879516333,1
PRACT_1634,2024-04-15,TI,Supervisor_2,0,0.967227882947408,2,2,8,7,0.9831382700103275,1,3.7,0,0.8518762746816781,1
PRACT_1635,2024-10-17,Operaciones,Supervisor_2,1,0.8141350178319026,6,5,14,6,0.4634502881739362,8,2.8,3,0.7941829006701686,-1
PRACT_1636,2021-11-10,Marketing,Supervisor_8,0,0.9447160504530664,0,1,12,11,0.9500777854181404,1,4.9,1,0.9102808949811801,1
PRACT_1637,2023-03-18,Finanzas,Supervisor_1,0,0.9436954861083697,2,2,10,9,0.9005633698247051,1,4.2,0,0.8625978364987752,0
PRACT_1638,2023-04-28,Marketing,Supervisor_4,0,0.9784536518684895,1,0,7,6,0.9303947427845921,1,3.9,1,0.8321173741446252,0
PRACT_1639,2021-04-07,RRHH,Supervisor_10,1,0.5326542494168602,6,2,11,5,0.4605014304602487,6,1.7,5,0.8583535348270188,0
PRACT_1640,2023-05-31,TI,Supervisor_5,1,0.68230591282221,12,3,5,3,0.6748812512030594,2,2.5,2,0.7381821930831381,0
PRACT_1641,2024-05-21,Operaciones,Supervisor_9,0,0.9836384235631226,3,0,10,9,0.9903058090752512,1,4.0,1,0.9649867675281589,1
PRACT_1642,2023-04-09,RRHH,Supervisor_7,1,0.79056739707435,9,4,17,9,0.550208988338593,8,2.9,5,0.7181379936006179,0
PRACT_1643,2021-05-17,RRHH,Supervisor_8,0,0.9956132856342369,4,2,7,6,0.9961835456357664,1,4.5,0,0.843995416130804,1
PRACT_1644,2023-10-27,RRHH,Supervisor_9,0,0.9698272593530547,1,2,17,16,0.9823475416554708,1,4.5,0,0.8675097626200651,1
PRACT_1645,2023-10-08,TI,Supervisor_7,0,0.9207770629439729,1,0,5,4,0.9387974139638638,1,4.3,0,0.8763077684947094,1
PRACT_1646,2021-04-19,Finanzas,Supervisor_5,0,0.9020280314894581,4,2,13,11,0.8530946449995298,2,3.6,1,0.9945869625007404,1
PRACT_1647,2022-07-01,TI,Supervisor_5,0,0.9479415798627102,4,0,13,11,0.9147445096735152,2,4.9,1,0.8011266556762765,0
PRACT_1648,2023-11-29,Finanzas,Supervisor_10,1,0.6797963529678944,6,2,15,6,0.40579132501536,9,2.4,3,0.8942664092098028,-1
PRACT_1649,2022-10-24,RRHH,Supervisor_6,0,0.9240262584498932,2,0,12,10,0.8885141613323418,2,5.0,1,0.9960923270219662,1
PRACT_1650,2022-03-01,RRHH,Supervisor_5,0,0.9124697447123603,1,1,6,5,0.9638876163586536,1,4.3,0,0.9992301581060273,0
PRACT_1651,2022-09-22,Operaciones,Supervisor_9,0,0.9586208166190509,2,2,9,7,0.8353520458202099,2,4.6,1,0.895317635783927,0
PRACT_1652,2021-09-18,Finanzas,Supervisor_3,0,0.9764255674024142,2,0,7,5,0.843351542264397,2,3.6,1,0.9927617939241999,0
PRACT_1653,2024-12-20,RRHH,Supervisor_3,0,0.999315410359016,1,0,16,14,0.8987811987818711,2,4.4,0,0.8791198363699655,0
PRACT_1654,2021-03-28,Marketing,Supervisor_7,0,0.9758302617210519,0,0,14,13,0.9314786078989327,1,4.6,0,0.8052588881336774,1
PRACT_1655,2022-04-10,Operaciones,Supervisor_7,0,0.9793632414255581,4,0,5,4,0.8926955462461336,1,4.7,1,0.8448694372743529,1
PRACT_1656,2021-03-17,TI,Supervisor_6,1,0.715761307380079,11,2,16,6,0.4298983458193746,10,2.7,3,0.8781184979749539,-1
PRACT_1657,2022-04-16,Operaciones,Supervisor_3,0,0.9985922658970018,3,1,7,6,0.8977372390252295,1,3.8,0,0.8027529386670801,1
PRACT_1658,2022-02-18,Marketing,Supervisor_7,0,0.9639956385114571,1,2,7,6,0.9776355820756766,1,5.0,0,0.909198827084595,1
PRACT_1659,2023-04-05,Finanzas,Supervisor_5,0,0.9860253286399704,2,2,14,12,0.8641945385551002,2,5.0,1,0.8151203177789359,1
PRACT_1660,2023-06-14,TI,Supervisor_7,0,0.9945784646240956,1,2,5,4,0.9536729985385202,1,3.6,1,0.8572793156855157,1
PRACT_1661,2022-12-27,TI,Supervisor_2,0,0.9929858500500561,4,2,16,15,0.9726690209046122,1,4.9,1,0.8176185701423774,1
PRACT_1662,2022-04-02,Finanzas,Supervisor_6,0,0.9381415343783357,2,0,18,16,0.9047948405371428,2,3.9,1,0.9719057242226112,0
PRACT_1663,2024-08-01,Operaciones,Supervisor_8,1,0.5275317204099905,8,6,9,4,0.5347711392327748,5,2.5,1,0.7364282838590823,-1
PRACT_1664,2024-06-16,RRHH,Supervisor_1,0,0.9171873702539247,3,1,14,11,0.8305611618636567,3,4.0,0,0.9804212931436626,1
PRACT_1665,2022-10-15,Operaciones,Supervisor_4,1,0.5207281568888126,11,6,13,8,0.6499665314114501,5,3.0,3,0.7753412798160914,-1
PRACT_1666,2022-11-03,Marketing,Supervisor_1,1,0.536888927190199,10,6,13,5,0.4569089094550385,8,1.7,2,0.8884116524980399,-1
PRACT_1667,2024-10-27,RRHH,Supervisor_1,0,0.9184651245893698,0,2,19,18,0.9867990733353348,1,4.2,1,0.9019755309520814,1
PRACT_1668,2022-05-10,Operaciones,Supervisor_10,1,0.6193830108055907,7,1,10,4,0.45750978134849035,6,2.1,1,0.7554842327051499,-1
PRACT_1669,2023-12-05,Finanzas,Supervisor_8,0,0.9543539646575075,2,1,11,10,0.9344812587191151,1,4.0,0,0.9152617639778113,0
PRACT_1670,2024-11-25,Marketing,Supervisor_7,1,0.74908872077428,11,5,19,11,0.5960295772523087,8,2.5,1,0.6937041717786451,-1
PRACT_1671,2024-06-24,Marketing,Supervisor_10,0,0.9210927336106512,0,0,9,7,0.8660690183529984,2,3.7,1,0.9691918730846025,0
PRACT_1672,2022-08-20,Marketing,Supervisor_1,1,0.7353828414833488,7,1,5,2,0.5766075161090214,3,2.6,4,0.7578100542681441,-1
PRACT_1673,2022-03-26,RRHH,Supervisor_2,1,0.7464906760758468,5,1,19,7,0.4060931403500054,12,3.0,2,0.8205249059421891,-1
PRACT_1674,2022-04-30,TI,Supervisor_4,1,0.6955178179031662,14,4,18,9,0.547582114782807,9,2.7,4,0.8145455746409653,-1
PRACT_1675,2022-10-08,RRHH,Supervisor_1,0,0.9903617869798711,4,1,18,16,0.9313462412446925,2,4.8,1,0.8382090321310591,0
PRACT_1676,2022-09-12,Operaciones,Supervisor_3,0,0.9110994813921811,3,1,12,11,0.9969371107830478,1,4.0,1,0.9300327065035288,1
PRACT_1677,2023-11-08,TI,Supervisor_8,0,0.917712145760242,0,1,10,8,0.8292442976921055,2,4.0,0,0.8399296038362669,1
PRACT_1678,2022-10-24,Operaciones,Supervisor_8,0,0.9428664824389485,0,2,16,14,0.9028652957819718,2,4.3,0,0.9166640956487542,1
PRACT_1679,2023-01-28,TI,Supervisor_8,0,0.9126712735234239,0,1,8,7,0.909961051874539,1,3.6,1,0.9354869368892601,1
PRACT_1680,2021-10-16,RRHH,Supervisor_6,0,0.9566296143724088,1,2,17,16,0.9760582526026861,1,4.9,0,0.9994470143175174,1
PRACT_1681,2024-12-08,Marketing,Supervisor_6,0,0.9398400466609425,0,2,12,10,0.8363653992482303,2,3.7,0,0.8061083956299477,0
PRACT_1682,2022-12-22,Finanzas,Supervisor_5,1,0.5996085280875715,9,3,11,7,0.6396113721527916,4,2.9,1,0.5364969576454883,-1
PRACT_1683,2022-09-30,Marketing,Supervisor_9,0,0.9169989813017637,4,1,10,9,0.9055687823080635,1,3.6,1,0.8154053392742463,1
PRACT_1684,2021-08-23,RRHH,Supervisor_4,1,0.6173683834218736,12,2,9,4,0.45395444452275974,5,2.7,3,0.6593445145066961,-1
PRACT_1685,2022-02-20,TI,Supervisor_10,0,0.9607959350832342,3,1,6,5,0.9214649184515452,1,3.7,0,0.9643176722971627,0
PRACT_1686,2023-07-27,Marketing,Supervisor_7,1,0.7015248238112941,6,4,12,5,0.4438272099319258,7,1.6,5,0.8376225331148544,-1
PRACT_1687,2022-05-14,RRHH,Supervisor_1,1,0.5572684000735818,9,3,19,9,0.4990637010178438,10,2.6,1,0.7947918382884607,0
PRACT_1688,2023-09-01,Operaciones,Supervisor_9,0,0.9124919810740634,2,2,13,10,0.8241476705417974,3,3.9,1,0.9793756483659896,1
PRACT_1689,2022-09-26,Finanzas,Supervisor_7,0,0.9026676762608873,2,0,7,6,0.9260525056168162,1,4.6,1,0.8645719888338905,0
PRACT_1690,2023-10-17,Marketing,Supervisor_10,0,0.9012425593793932,2,2,18,15,0.8374357217976981,3,4.3,1,0.8176309288504598,1
PRACT_1691,2021-04-25,TI,Supervisor_9,0,0.9879810435719685,0,2,12,9,0.8293561443271585,3,3.7,1,0.8116306055979701,1
PRACT_1692,2023-07-21,Operaciones,Supervisor_7,0,0.904508885600539,0,1,7,5,0.8429518799924944,2,4.9,1,0.9704265439238773,0
PRACT_1693,2022-11-05,RRHH,Supervisor_2,0,0.9731221109873246,2,0,14,11,0.8500414214356766,3,4.2,0,0.9460872588707383,0
PRACT_1694,2024-06-11,Finanzas,Supervisor_6,0,0.9871985096244957,3,0,10,9,0.9495530554280065,1,4.6,0,0.9397230612022242,0
PRACT_1695,2023-11-01,TI,Supervisor_10,0,0.9098057848562457,3,0,8,6,0.821837799280703,2,4.3,0,0.8679352677091338,1
PRACT_1696,2021-07-25,RRHH,Supervisor_4,0,0.9436301423833018,0,1,18,16,0.9082441256065789,2,4.4,1,0.8759810377236452,0
PRACT_1697,2021-09-04,RRHH,Supervisor_3,0,0.9962302983174277,2,0,16,15,0.9618476143349363,1,4.0,1,0.9916227057798639,1
PRACT_1698,2023-01-28,Marketing,Supervisor_2,0,0.9834138660523585,3,0,5,4,0.8840269108366201,1,3.8,1,0.812760948819587,1
PRACT_1699,2024-02-25,Marketing,Supervisor_6,1,0.6713964111502493,5,2,20,8,0.43790347060846,12,2.3,4,0.8094926947751171,-1
PRACT_1700,2021-05-27,TI,Supervisor_8,0,0.9762571112791553,2,0,18,16,0.943834384568425,2,4.2,1,0.8619266647416787,0
PRACT_1701,2021-04-28,RRHH,Supervisor_6,1,0.7916821685510823,6,4,16,9,0.6105845502941516,7,2.1,1,0.5156218473650225,-1
PRACT_1702,2024-11-06,Marketing,Supervisor_9,0,0.9348026963188719,2,2,12,11,0.9377732968851112,1,4.5,1,0.9485140221484912,1
PRACT_1703,2022-02-16,Finanzas,Supervisor_5,0,0.9892152916869961,2,2,16,14,0.8812068413188738,2,4.5,1,0.8661823771356749,0
PRACT_1704,2021-12-29,Finanzas,Supervisor_2,0,0.9470473319677157,4,2,17,16,0.9470231649680791,1,3.6,1,0.9444295037485593,0
PRACT_1705,2021-05-17,RRHH,Supervisor_8,0,0.952780736355883,4,2,8,6,0.8312634442798477,2,4.0,1,0.941530876623624,1
PRACT_1706,2024-04-13,Marketing,Supervisor_9,0,0.9999707637821831,1,2,14,13,0.9565969299152058,1,4.1,0,0.906957375086623,1
PRACT_1707,2024-08-05,TI,Supervisor_10,0,0.9843302966152161,1,2,10,8,0.8031389870684893,2,3.6,1,0.9554746258421097,0
PRACT_1708,2023-08-16,TI,Supervisor_4,0,0.936177000577298,2,2,6,5,0.8498704621813404,1,3.9,0,0.9162076648342488,1
PRACT_1709,2021-01-19,TI,Supervisor_6,0,0.90103455964727,3,2,15,12,0.8371904196001609,3,3.6,0,0.8573273705696521,1
PRACT_1710,2021-07-14,Finanzas,Supervisor_10,0,0.9626174073793895,1,2,9,8,0.9658893279523328,1,5.0,1,0.9468230602128838,1
PRACT_1711,2021-11-26,Marketing,Supervisor_8,0,0.9703913426128108,2,1,16,14,0.8844047131939374,2,4.6,1,0.9178279631755447,0
PRACT_1712,2021-06-24,Marketing,Supervisor_9,0,0.965080269014338,0,1,12,10,0.9084070771012237,2,3.6,0,0.8025454563379841,1
PRACT_1713,2023-09-29,Finanzas,Supervisor_5,0,0.9967862351163213,4,2,5,4,0.8088585441164186,1,3.5,1,0.9803288355540619,0
PRACT_1714,2022-03-25,TI,Supervisor_6,0,0.9862971027332145,3,1,17,14,0.8703056083193761,3,4.6,1,0.9091287236648627,1
PRACT_1715,2023-08-04,TI,Supervisor_4,0,0.9448831693180648,2,1,17,15,0.8934591606050158,2,4.2,0,0.9737254530959063,1
PRACT_1716,2024-10-09,RRHH,Supervisor_5,1,0.5220001206153333,10,4,10,4,0.4094603884393673,6,2.7,3,0.853094735592898,-1
PRACT_1717,2021-05-21,Operaciones,Supervisor_7,0,0.9476058769501997,0,2,15,12,0.8251795953083451,3,4.9,0,0.8889933313470177,1
PRACT_1718,2023-01-28,Marketing,Supervisor_9,0,0.9689244019962023,4,2,7,6,0.9292020581893398,1,4.4,0,0.9015319992902462,0
PRACT_1719,2023-07-19,Marketing,Supervisor_10,1,0.7126984328794516,5,6,19,8,0.440015348062852,11,1.8,1,0.6663017550702408,-1
PRACT_1720,2021-04-03,Marketing,Supervisor_6,0,0.9538137067710885,2,2,8,7,0.9458471018936722,1,4.7,0,0.8898873550616091,0
PRACT_1721,2021-08-27,Operaciones,Supervisor_6,0,0.9468818958015242,1,2,14,12,0.8917682679205566,2,4.9,1,0.9790294317943455,1
PRACT_1722,2021-07-24,RRHH,Supervisor_8,0,0.9293761873027386,4,2,19,17,0.931378646930937,2,4.4,1,0.9576288027935822,0
PRACT_1723,2022-07-14,Operaciones,Supervisor_4,0,0.927734676172463,0,2,8,7,0.9512033164930365,1,4.5,1,0.8253051352631157,1
PRACT_1724,2024-12-27,TI,Supervisor_3,0,0.9500231478925802,1,1,10,8,0.8829661343777908,2,4.0,1,0.9220615563080192,1
PRACT_1725,2021-09-02,TI,Supervisor_7,0,0.9160603146429649,3,0,18,15,0.8496793217467876,3,4.1,1,0.9991813280772684,1
PRACT_1726,2023-04-12,Marketing,Supervisor_5,0,0.9340685423574802,2,1,6,5,0.9409648330781433,1,4.6,1,0.9191101402464972,0
PRACT_1727,2024-09-02,Finanzas,Supervisor_2,0,0.93239792747101,2,0,18,15,0.8739932988811739,3,4.9,1,0.9571743251186211,1
PRACT_1728,2023-07-14,Marketing,Supervisor_2,1,0.7054964805544703,9,5,18,7,0.4181656768723782,11,2.4,4,0.8076245893524684,-1
PRACT_1729,2021-10-22,Finanzas,Supervisor_6,1,0.5233388051270587,5,1,10,4,0.44580496974548567,6,2.7,2,0.6401270103489314,0
PRACT_1730,2022-10-02,Operaciones,Supervisor_8,0,0.9829668680265096,3,1,7,6,0.8698850225387577,1,3.8,0,0.8743698605407918,1
PRACT_1731,2023-05-06,TI,Supervisor_1,0,0.9562378380384402,4,1,6,5,0.9121854492088523,1,3.8,0,0.9448152843580806,1
PRACT_1732,2024-07-29,Finanzas,Supervisor_6,0,0.9670826680775936,4,1,9,8,0.8938489891741079,1,4.3,1,0.8999967063209671,1
PRACT_1733,2021-01-17,Operaciones,Supervisor_2,0,0.9703093903759433,0,1,15,13,0.9041666412895145,2,3.8,1,0.9141141418260776,0
PRACT_1734,2021-03-12,TI,Supervisor_2,0,0.9291484136842537,3,1,20,18,0.9320005209149199,2,4.5,0,0.9425811580729675,1
PRACT_1735,2024-07-16,Finanzas,Supervisor_7,0,0.9470371567384867,0,0,9,8,0.9945803942393412,1,3.9,0,0.9555150054078101,0
PRACT_1736,2024-09-10,Marketing,Supervisor_10,1,0.8346860845543835,7,2,12,5,0.4469902543571556,7,2.7,3,0.6086066310932285,0
PRACT_1737,2021-11-01,Marketing,Supervisor_1,0,0.9766705237996816,1,0,19,15,0.8019616229427953,4,4.7,1,0.8293587518873926,1
PRACT_1738,2023-10-28,Marketing,Supervisor_6,0,0.9969556875223186,2,1,7,6,0.8818992556691104,1,4.2,0,0.8583589293447451,1
PRACT_1739,2024-08-30,Operaciones,Supervisor_7,0,0.9746254345146288,2,1,13,12,0.9539232354709544,1,3.8,0,0.9015076650184152,1
PRACT_1740,2023-03-28,Marketing,Supervisor_8,0,0.9175600139708517,4,2,14,13,0.9664978948838897,1,4.5,0,0.8684282634594078,0
PRACT_1741,2024-02-01,RRHH,Supervisor_7,1,0.5225875593456367,7,5,7,4,0.6497156097147571,3,3.0,2,0.7273451035390375,0
PRACT_1742,2023-04-01,TI,Supervisor_6,0,0.9577661436719663,3,1,6,5,0.9721457118776169,1,4.4,0,0.8106931448251258,0
PRACT_1743,2021-07-12,Operaciones,Supervisor_9,0,0.9357813279702609,2,1,7,6,0.940031938414627,1,3.6,1,0.9019500823227534,1
PRACT_1744,2022-06-13,Marketing,Supervisor_3,0,0.9275457910138171,3,1,8,6,0.8185152134104198,2,3.5,0,0.8735969813875416,1
PRACT_1745,2021-06-20,TI,Supervisor_6,0,0.9807210996425417,0,2,6,5,0.9365655289137091,1,4.0,0,0.9069333509785765,0
PRACT_1746,2021-09-08,Finanzas,Supervisor_4,0,0.9366993267081948,4,0,6,5,0.8992728744932614,1,3.8,1,0.8845066709769954,0
PRACT_1747,2024-11-11,Marketing,Supervisor_2,0,0.9317000969734304,3,1,7,6,0.9889778052429907,1,4.7,0,0.8568451701275085,0
PRACT_1748,2024-05-15,TI,Supervisor_1,0,0.9849987593169011,2,1,13,12,0.9740810339884199,1,4.8,0,0.9808215810915272,1
PRACT_1749,2022-06-25,RRHH,Supervisor_1,0,0.984628733648646,4,1,20,16,0.8264196803457481,4,3.9,0,0.8369529976842714,0
PRACT_1750,2022-02-20,Finanzas,Supervisor_10,0,0.9356366637755057,4,2,12,11,0.9548343000045858,1,4.0,1,0.9362731151161119,1
PRACT_1751,2023-03-05,RRHH,Supervisor_3,0,0.9832498700985967,3,1,8,7,0.9836736629500246,1,3.9,1,0.9849289425164829,1
PRACT_1752,2024-11-04,TI,Supervisor_4,0,0.985077849033266,3,0,10,9,0.9632795452723142,1,4.9,1,0.9077339919370866,0
PRACT_1753,2024-03-13,RRHH,Supervisor_2,0,0.9423930535029666,1,0,16,13,0.8432657940332542,3,4.3,0,0.9752816977158965,1
PRACT_1754,2021-01-25,TI,Supervisor_1,0,0.9066473130209172,1,0,20,17,0.8638768233667371,3,4.5,1,0.8249702956866569,1
PRACT_1755,2022-10-30,TI,Supervisor_4,1,0.5005546255632191,10,4,18,11,0.6487112844227854,7,2.1,1,0.6975155081025632,-1
PRACT_1756,2024-01-02,RRHH,Supervisor_7,1,0.6831523620111483,6,1,11,5,0.4773610010644026,6,2.4,3,0.6828101121923758,0
PRACT_1757,2022-09-24,TI,Supervisor_10,1,0.6204264226796244,7,4,8,4,0.5806737787615969,4,2.1,1,0.5032475228147979,-1
PRACT_1758,2024-01-22,Marketing,Supervisor_6,0,0.9997131894158366,0,1,12,11,0.9750374426917459,1,4.0,0,0.8886514682718669,0
PRACT_1759,2022-05-20,TI,Supervisor_6,0,0.9772410999627285,4,2,18,16,0.8916047641067179,2,4.5,0,0.8738059512765196,1
PRACT_1760,2021-12-02,Operaciones,Supervisor_9,0,0.9761275456350412,0,2,11,9,0.8866761696229882,2,4.4,0,0.9339597455549231,1
PRACT_1761,2022-03-01,TI,Supervisor_2,0,0.9955242768287343,1,2,7,5,0.846606610670048,2,3.9,1,0.9876659557153037,1
PRACT_1762,2022-05-14,Operaciones,Supervisor_4,1,0.8107035392626623,11,2,8,3,0.48884634047915737,5,1.7,4,0.5343164353048147,0
PRACT_1763,2024-10-19,TI,Supervisor_5,0,0.9318187479456389,4,2,5,4,0.8036410606206398,1,4.1,0,0.8654952773429246,1
PRACT_1764,2023-08-05,TI,Supervisor_1,0,0.9165987221603876,1,0,11,8,0.8122292362095372,3,4.1,1,0.8888129474788504,0
PRACT_1765,2022-09-22,RRHH,Supervisor_8,0,0.9745892265065482,2,1,14,12,0.8921911028226366,2,4.4,1,0.8910370756068767,0
PRACT_1766,2024-05-07,Marketing,Supervisor_8,0,0.9378273893682874,4,2,18,14,0.8197505937363377,4,4.9,1,0.9549619441684507,0
PRACT_1767,2022-12-19,Marketing,Supervisor_6,0,0.9473172651630957,4,0,7,6,0.9289710613394253,1,3.6,0,0.8886791331666882,1
PRACT_1768,2024-12-07,Finanzas,Supervisor_5,0,0.9630397731274827,3,0,8,7,0.9528800222778613,1,3.9,1,0.8054322602907307,1
PRACT_1769,2021-12-05,RRHH,Supervisor_8,0,0.9907872676935241,4,1,18,16,0.9084787928536799,2,3.8,0,0.9420208189185663,0
PRACT_1770,2022-10-21,RRHH,Supervisor_3,0,0.9419087753670966,3,1,12,10,0.8936452808185265,2,4.3,1,0.9769659390291343,0
PRACT_1771,2023-08-20,Marketing,Supervisor_3,0,0.9783316890219361,1,2,5,4,0.9146269869308141,1,4.1,1,0.9027809425099346,1
PRACT_1772,2022-03-05,RRHH,Supervisor_2,0,0.9268339791274658,2,2,10,9,0.962388450260361,1,4.6,1,0.9162217043397011,0
PRACT_1773,2023-06-18,Marketing,Supervisor_5,1,0.7442901268232648,11,7,14,7,0.5066008448065455,7,1.9,1,0.5651745755876184,0
PRACT_1774,2021-05-19,RRHH,Supervisor_3,1,0.5005527973772692,7,2,6,3,0.5374043872947838,3,2.4,5,0.5882583778715829,-1
PRACT_1775,2023-07-31,TI,Supervisor_3,0,0.9871507213490635,4,2,18,15,0.8808384268373362,3,4.8,0,0.8470340478249224,1
PRACT_1776,2022-06-26,Marketing,Supervisor_6,0,0.9030379579954463,4,2,17,13,0.8047612086516687,4,4.9,0,0.8861483949762591,0
PRACT_1777,2021-02-26,Marketing,Supervisor_8,0,0.9712753754762584,1,0,11,10,0.9914248391371121,1,4.9,0,0.9856290441791284,1
PRACT_1778,2024-06-09,Operaciones,Supervisor_2,0,0.9046258189261284,3,0,16,13,0.855432122768839,3,4.7,0,0.9043569533429773,0
PRACT_1779,2022-10-20,RRHH,Supervisor_4,0,0.9266245699394003,2,0,16,15,0.9788756197523998,1,4.9,0,0.8384195290402705,1
PRACT_1780,2022-03-11,RRHH,Supervisor_7,1,0.6740208412447936,11,7,19,8,0.4357300172828067,11,1.9,5,0.6064350943475798,-1
PRACT_1781,2022-01-19,Marketing,Supervisor_1,0,0.9419938685348238,3,1,18,16,0.9130291941113888,2,3.8,0,0.8768030059454369,1
PRACT_1782,2022-07-14,TI,Supervisor_1,1,0.5671426401103536,6,1,8,3,0.47496795846020945,5,1.5,2,0.7493035902771198,0
PRACT_1783,2021-07-13,TI,Supervisor_10,0,0.9333814911709237,2,1,17,15,0.9101790751539139,2,4.6,0,0.8880066306008011,0
PRACT_1784,2022-06-18,TI,Supervisor_7,0,0.9727706370060967,2,2,17,16,0.99727971529706,1,4.9,1,0.878488968835385,1
PRACT_1785,2022-06-02,RRHH,Supervisor_7,0,0.9669257092579648,0,2,5,4,0.9961903594705238,1,3.8,1,0.912945720079799,1
PRACT_1786,2022-12-17,Operaciones,Supervisor_1,1,0.5251351043173705,6,5,18,10,0.5565447104149767,8,2.5,5,0.5967339979817862,-1
PRACT_1787,2023-01-21,Marketing,Supervisor_1,0,0.9747315825572886,1,1,13,11,0.9197470225658129,2,4.6,1,0.8157806545169165,0
PRACT_1788,2021-07-04,Finanzas,Supervisor_4,0,0.9053045881197028,0,0,6,4,0.8017549510123836,2,4.9,0,0.8048828629644444,1
PRACT_1789,2021-10-19,Operaciones,Supervisor_5,0,0.9542926389099784,3,2,13,12,0.9409573973680531,1,4.5,1,0.8502518326934254,1
PRACT_1790,2024-09-20,Finanzas,Supervisor_5,0,0.926006274804219,0,1,12,9,0.8203113206858358,3,5.0,0,0.8183184068288938,1
PRACT_1791,2023-01-02,Operaciones,Supervisor_4,0,0.9587690127559819,1,0,13,11,0.918827116794759,2,4.0,1,0.8672681277041534,1
PRACT_1792,2021-04-26,TI,Supervisor_8,0,0.9261328395940902,3,2,9,8,0.9789428209511226,1,4.0,0,0.9545867080719511,1
PRACT_1793,2023-04-05,RRHH,Supervisor_7,0,0.9984957969625831,2,0,19,18,0.952449353003343,1,4.3,1,0.9432588660973676,1
PRACT_1794,2023-12-09,Finanzas,Supervisor_9,0,0.9309728183727533,0,1,14,13,0.987816260977404,1,4.1,1,0.9221855245576058,1
PRACT_1795,2022-11-16,Operaciones,Supervisor_7,0,0.9241960635674497,3,1,14,13,0.9675273977365745,1,3.5,1,0.9705000487758958,0
PRACT_1796,2021-03-23,RRHH,Supervisor_10,0,0.9278465290915346,3,1,10,8,0.8350909940393882,2,4.6,1,0.8564135249088554,1
PRACT_1797,2023-04-14,Finanzas,Supervisor_1,0,0.9896472857259295,3,1,11,9,0.8417814864045854,2,4.6,0,0.9770107506059932,0
PRACT_1798,2021-11-29,Marketing,Supervisor_7,0,0.9636218828669345,0,1,16,15,0.970257767859503,1,4.6,1,0.8798478339338358,0
PRACT_1799,2022-07-11,Operaciones,Supervisor_1,0,0.9730684097420776,2,0,16,13,0.8488763492683677,3,4.0,0,0.8801786636533253,1
PRACT_1800,2021-12-01,Marketing,Supervisor_7,0,0.991801051009435,3,0,12,9,0.819515833915254,3,4.3,1,0.8810703227251043,1
PRACT_1801,2022-06-16,TI,Supervisor_10,1,0.8191553696957525,5,1,14,8,0.6029190959481219,6,2.0,1,0.5392377464963926,-1
PRACT_1802,2021-08-09,Marketing,Supervisor_8,0,0.9738945846578728,1,0,18,15,0.8850710548657368,3,3.5,1,0.9950980996662111,0
PRACT_1803,2022-09-27,Marketing,Supervisor_9,0,0.9197824428841324,0,2,13,11,0.8850830988545033,2,4.3,0,0.8277013555650319,1
PRACT_1804,2021-11-19,Operaciones,Supervisor_3,0,0.9843373320675005,0,2,7,6,0.9711255363070468,1,3.7,1,0.8681771448938369,1
PRACT_1805,2021-01-03,TI,Supervisor_4,0,0.9203776034191063,0,0,13,11,0.9067552787470076,2,3.6,1,0.8638600640653514,1
PRACT_1806,2021-07-25,Marketing,Supervisor_4,0,0.9742898814098432,3,2,16,15,0.963425456434029,1,4.6,0,0.8149358865633419,1
PRACT_1807,2021-02-09,RRHH,Supervisor_9,0,0.9685603066544874,0,2,12,10,0.8577981863883883,2,3.5,1,0.8304520260223753,0
PRACT_1808,2021-02-28,Finanzas,Supervisor_7,0,0.9758888850140447,1,1,10,9,0.9899598706924007,1,4.9,1,0.8089716672370773,0
PRACT_1809,2023-08-09,Marketing,Supervisor_3,0,0.9532685680713816,3,0,6,5,0.9663731740146411,1,4.3,1,0.8584808987121028,0
PRACT_1810,2022-07-28,TI,Supervisor_10,0,0.963872618224922,1,2,13,11,0.8863231034744699,2,5.0,1,0.9733313848057813,0
PRACT_1811,2022-10-06,Marketing,Supervisor_5,0,0.9953320080434256,4,2,11,10,0.9802646748325543,1,3.6,0,0.867888441147477,1
PRACT_1812,2023-04-23,Finanzas,Supervisor_7,0,0.9101088594174215,0,0,14,13,0.9658573355061029,1,4.4,1,0.8247383664134759,0
PRACT_1813,2024-02-20,TI,Supervisor_8,0,0.930884727478162,3,1,20,16,0.8450577783725088,4,4.0,0,0.9291387736767835,0
PRACT_1814,2022-09-11,Operaciones,Supervisor_1,0,0.9611357013098383,3,0,15,14,0.9897763249798928,1,4.8,0,0.9993201824109821,1
PRACT_1815,2021-04-06,TI,Supervisor_2,0,0.9964054130131489,0,1,15,13,0.8717246814046498,2,4.0,0,0.8464647579063855,1
PRACT_1816,2024-12-08,Operaciones,Supervisor_7,1,0.5334510566819104,7,3,5,2,0.4913330346971122,3,1.9,1,0.6118284021482278,0
PRACT_1817,2024-06-12,TI,Supervisor_2,0,0.9022549221530086,2,1,13,11,0.8771761468385934,2,4.8,1,0.9943694108561577,1
PRACT_1818,2023-06-17,Finanzas,Supervisor_7,0,0.9055749598470328,1,1,17,14,0.8343669113833833,3,4.1,1,0.8357552575100975,0
PRACT_1819,2023-12-22,Finanzas,Supervisor_9,0,0.9052405686461199,0,0,11,10,0.9397509577765084,1,3.5,0,0.9022428134918328,1
PRACT_1820,2024-07-03,TI,Supervisor_2,0,0.9907815857777404,0,2,8,6,0.8407772950921049,2,4.1,1,0.847930426603219,0
PRACT_1821,2022-07-15,Marketing,Supervisor_7,0,0.9721257907933825,4,0,15,13,0.9076658658519646,2,4.5,1,0.9864703795802487,1
PRACT_1822,2023-06-24,Finanzas,Supervisor_4,0,0.9677106366196279,2,0,15,14,0.9595862735022631,1,3.9,0,0.9963042029152588,1
PRACT_1823,2021-12-14,Operaciones,Supervisor_2,0,0.952257282026181,2,2,13,11,0.8463034136492112,2,4.1,0,0.962939569224003,1
PRACT_1824,2022-11-02,Operaciones,Supervisor_7,0,0.9781952616972152,0,0,8,7,0.9273088977153449,1,3.6,0,0.8629567631625621,1
PRACT_1825,2024-02-22,RRHH,Supervisor_5,0,0.9155647992761591,1,0,5,4,0.8278930927330364,1,4.4,1,0.8806974950561011,1
PRACT_1826,2021-11-13,Operaciones,Supervisor_1,0,0.9391941189788438,0,1,12,10,0.8898918386367483,2,4.6,0,0.8484611367332843,1
PRACT_1827,2022-12-20,RRHH,Supervisor_5,0,0.9490004250764343,1,0,12,10,0.9075782165970023,2,4.1,0,0.9781515934017984,0
PRACT_1828,2023-12-08,TI,Supervisor_3,1,0.5386433241868542,10,7,19,12,0.6579554415746989,7,2.1,2,0.8658233110752633,0
PRACT_1829,2024-12-03,TI,Supervisor_7,0,0.9419513709337517,2,0,11,10,0.9407705370265692,1,3.6,1,0.8837741324492094,0
PRACT_1830,2024-03-05,TI,Supervisor_6,0,0.931650177926262,4,1,19,18,0.9536064908508165,1,3.8,1,0.9313066139806003,1
PRACT_1831,2024-05-09,Marketing,Supervisor_8,1,0.512453751027712,12,1,10,4,0.4707760331420151,6,1.7,2,0.5662212719098776,-1
PRACT_1832,2021-09-07,Marketing,Supervisor_5,0,0.9136735402729236,3,0,11,8,0.8130274477341792,3,4.2,1,0.8869871800726818,0
PRACT_1833,2021-11-10,RRHH,Supervisor_2,0,0.9764036823167472,2,0,18,14,0.8145798545418295,4,4.3,1,0.9262998213346996,1
PRACT_1834,2024-10-23,Operaciones,Supervisor_9,0,0.9018037909504645,1,1,20,19,0.9627272047603661,1,4.9,1,0.877080623703604,0
PRACT_1835,2024-12-23,Operaciones,Supervisor_8,1,0.8269886546837264,5,7,9,5,0.6087235745070115,4,1.6,1,0.643039810274584,0
PRACT_1836,2023-03-18,TI,Supervisor_6,0,0.9086424632447238,2,2,6,5,0.9409672395034673,1,4.4,1,0.8001997984533886,0
PRACT_1837,2024-08-30,Finanzas,Supervisor_10,0,0.9799238094203458,4,1,15,13,0.8855972344425183,2,4.3,0,0.9608586927554228,1
PRACT_1838,2024-10-10,Marketing,Supervisor_7,0,0.9898616540943471,1,1,13,10,0.8168220198619371,3,4.3,1,0.9778675224042896,1
PRACT_1839,2022-04-30,Marketing,Supervisor_9,1,0.8293974546976565,12,5,20,10,0.5301927547360885,10,2.8,2,0.8877854118183328,-1
PRACT_1840,2024-05-19,TI,Supervisor_7,0,0.9867477023495973,0,2,17,15,0.9307130305362205,2,3.8,0,0.9438542770138432,0
PRACT_1841,2021-02-13,Marketing,Supervisor_3,0,0.9287550039425443,3,1,12,11,0.9610191005248179,1,3.6,1,0.909758462473977,0
PRACT_1842,2022-07-25,TI,Supervisor_6,0,0.9333087131338477,1,2,10,8,0.8408892734131326,2,4.5,0,0.8538569039617419,1
PRACT_1843,2022-08-06,RRHH,Supervisor_7,0,0.9426545698610076,0,0,5,4,0.9356937233009247,1,4.0,1,0.9998598951926997,0
PRACT_1844,2024-01-21,Operaciones,Supervisor_2,0,0.9139296689407101,3,1,13,11,0.8790298216995274,2,3.5,0,0.9179505709064212,0
PRACT_1845,2024-07-12,Finanzas,Supervisor_3,1,0.5077953592735284,13,7,20,11,0.5575654754892702,9,1.9,5,0.7724616289321785,-1
PRACT_1846,2023-06-14,Operaciones,Supervisor_4,0,0.9869121614281035,3,2,20,19,0.9551947817499776,1,4.0,0,0.9364812323910635,1
PRACT_1847,2021-08-08,Operaciones,Supervisor_10,0,0.9554128716210456,3,0,15,14,0.9380755143262847,1,4.4,1,0.9690503591514363,0
PRACT_1848,2023-07-14,RRHH,Supervisor_6,0,0.9608722942178216,3,1,7,5,0.8097683246641488,2,3.8,1,0.8019345077693839,0
PRACT_1849,2022-02-05,Marketing,Supervisor_1,1,0.8244459661862283,13,3,14,5,0.41103811728916556,9,2.1,3,0.5880987761725487,-1
PRACT_1850,2024-11-24,Finanzas,Supervisor_9,0,0.9665120178113615,3,0,17,14,0.8296678361439427,3,4.2,0,0.9331068000340028,1
PRACT_1851,2022-12-28,Marketing,Supervisor_5,0,0.9690853504339814,1,2,18,17,0.991721710008884,1,4.2,1,0.9790291473649135,0
PRACT_1852,2023-09-18,Operaciones,Supervisor_7,1,0.7754390269528597,10,1,17,9,0.5747111689475045,8,3.0,5,0.7741355127685425,0
PRACT_1853,2023-06-18,TI,Supervisor_9,1,0.5407219574500913,12,3,7,4,0.6591429625904539,3,1.6,1,0.665396516597472,-1
PRACT_1854,2023-05-08,Operaciones,Supervisor_9,1,0.626056753624827,11,7,5,2,0.5232529532442729,3,2.9,1,0.6446221983481046,-1
PRACT_1855,2023-03-15,Marketing,Supervisor_1,1,0.8388727746961782,9,5,12,5,0.4972749686915845,7,2.4,4,0.7951792033133283,-1
PRACT_1856,2022-05-05,Operaciones,Supervisor_1,0,0.9922930078100607,3,1,11,9,0.8304813840075763,2,4.7,0,0.9482475394274387,0
PRACT_1857,2023-07-27,TI,Supervisor_3,0,0.9884075296310185,4,0,15,13,0.9326107727472241,2,4.1,1,0.9214115985011381,1
PRACT_1858,2023-04-24,RRHH,Supervisor_6,0,0.9452088510338973,4,1,16,13,0.8228229514373557,3,4.2,0,0.8582934048194675,1
PRACT_1859,2024-07-16,Marketing,Supervisor_2,1,0.800017533755382,8,7,13,8,0.6664932466447397,5,2.8,5,0.8700619273562175,-1
PRACT_1860,2021-09-24,Operaciones,Supervisor_10,0,0.9048395881945765,3,2,7,6,0.9923157942077832,1,4.8,0,0.9103759884237278,1
PRACT_1861,2021-02-23,Marketing,Supervisor_1,0,0.9148517424257118,1,0,11,9,0.8916493683868584,2,3.9,0,0.9580984712496661,0
PRACT_1862,2022-06-12,RRHH,Supervisor_1,0,0.9413967698484054,2,0,8,6,0.8744933895651347,2,3.8,1,0.8428616524323663,0
PRACT_1863,2022-09-08,Operaciones,Supervisor_5,0,0.9483392066682127,0,1,14,13,0.9796891068288366,1,4.2,1,0.8688081577229456,0
PRACT_1864,2023-12-19,Operaciones,Supervisor_4,0,0.9263507153520857,3,1,20,16,0.8365775301793106,4,4.9,1,0.9749159032774685,1
PRACT_1865,2023-11-30,Marketing,Supervisor_1,1,0.6247668347967256,8,4,20,12,0.6423071860039513,8,2.0,4,0.5200428119759873,-1
PRACT_1866,2024-06-14,Marketing,Supervisor_4,1,0.5569716353588791,9,2,12,8,0.6960432045396268,4,2.5,5,0.7049261245026648,0
PRACT_1867,2023-08-13,TI,Supervisor_3,0,0.9489134031715907,1,0,12,11,0.9174051763867526,1,4.6,1,0.8963410959688018,1
PRACT_1868,2022-01-21,RRHH,Supervisor_2,0,0.9793843292867861,4,2,6,5,0.8847048184602045,1,4.7,1,0.9502460377816164,0
PRACT_1869,2023-01-04,TI,Supervisor_9,0,0.9661360393661306,3,0,19,18,0.969057621604026,1,4.3,1,0.8563787541198665,1
PRACT_1870,2022-12-17,Operaciones,Supervisor_1,0,0.9107792247365541,3,2,20,16,0.8258192699719267,4,4.1,1,0.8438133643719199,1
PRACT_1871,2022-10-12,Marketing,Supervisor_7,1,0.6706535611888507,9,4,11,7,0.6377462266497939,4,3.0,3,0.8704531355092935,0
PRACT_1872,2021-10-27,Operaciones,Supervisor_4,0,0.9697646382779725,3,0,20,17,0.8703810111517322,3,4.4,0,0.914341930391693,1
PRACT_1873,2022-01-30,Operaciones,Supervisor_5,0,0.9529895296553941,2,0,12,11,0.9601971736969472,1,4.6,1,0.820937913656731,1
PRACT_1874,2024-05-15,Finanzas,Supervisor_10,1,0.6370864587874421,5,4,7,4,0.6949772832884709,3,2.0,1,0.5772144648857285,-1
PRACT_1875,2024-09-21,Finanzas,Supervisor_5,0,0.9621914421283878,0,1,16,14,0.8887421710437973,2,4.5,0,0.9997652119028497,1
PRACT_1876,2022-08-16,Operaciones,Supervisor_1,0,0.9968638665300276,0,2,15,14,0.968639828324737,1,3.9,1,0.8391217992504385,1
PRACT_1877,2022-05-29,Marketing,Supervisor_6,0,0.9094907909766078,2,0,19,18,0.9654250484557592,1,3.9,1,0.9220951022707358,1
PRACT_1878,2024-04-16,Operaciones,Supervisor_9,0,0.9390016060747561,3,0,5,4,0.931919365411763,1,4.6,1,0.8840256157991236,1
PRACT_1879,2022-01-31,Finanzas,Supervisor_2,0,0.9406605853046096,4,2,8,7,0.98887041669435,1,4.3,0,0.977119818969967,1
PRACT_1880,2022-01-06,Marketing,Supervisor_7,0,0.9576967310468372,1,0,19,16,0.8925661314397616,3,4.5,1,0.9510337184590656,1
PRACT_1881,2023-05-08,Operaciones,Supervisor_6,0,0.9152174601881918,3,2,20,19,0.9513478156471254,1,3.9,0,0.9193902792523632,1
PRACT_1882,2023-03-02,RRHH,Supervisor_5,1,0.5618250604546643,7,2,19,13,0.6886226134111668,6,2.4,1,0.504295592719193,-1
PRACT_1883,2022-10-20,RRHH,Supervisor_4,0,0.9285361385997855,2,1,11,10,0.990195686928752,1,4.2,0,0.975959041498692,1
PRACT_1884,2024-09-03,Operaciones,Supervisor_4,0,0.995587004326852,0,2,9,8,0.9413059264606383,1,4.4,0,0.8889334941677433,0
PRACT_1885,2023-01-06,Marketing,Supervisor_6,0,0.9734108581230903,3,1,12,10,0.834465580468145,2,3.9,0,0.9863155306037154,1
PRACT_1886,2024-10-24,Operaciones,Supervisor_4,0,0.9661693301691503,0,2,10,9,0.9848475401628266,1,4.6,1,0.8991078025708402,0
PRACT_1887,2022-01-19,Operaciones,Supervisor_5,0,0.9816957687394262,1,0,20,16,0.8190925357399658,4,4.7,0,0.9388448978365451,0
PRACT_1888,2021-03-03,Finanzas,Supervisor_6,0,0.9127576468916693,0,0,7,6,0.9346018201926105,1,3.9,0,0.8138585298933285,0
PRACT_1889,2022-05-20,RRHH,Supervisor_5,0,0.9859332819723752,1,2,8,7,0.8984821573430744,1,4.0,0,0.9490303307053571,1
PRACT_1890,2021-08-27,Finanzas,Supervisor_7,1,0.7081914498606264,7,4,10,6,0.6806965388228633,4,2.5,3,0.6351984125247692,-1
PRACT_1891,2021-07-14,Finanzas,Supervisor_9,0,0.9335329007458936,0,0,11,10,0.9102482636245236,1,4.5,0,0.8702718028663562,1
PRACT_1892,2022-11-09,Operaciones,Supervisor_10,0,0.981585525574569,0,1,9,7,0.8298270215695076,2,4.6,1,0.823731168941878,0
PRACT_1893,2024-05-30,Finanzas,Supervisor_7,1,0.7808975870220184,10,4,12,6,0.5790637862008516,6,2.5,3,0.5587428594560809,-1
PRACT_1894,2021-03-02,RRHH,Supervisor_7,0,0.9845708581716727,2,0,11,10,0.9629015936261063,1,4.1,0,0.837151811241242,0
PRACT_1895,2024-02-27,Finanzas,Supervisor_4,0,0.9115517900106982,4,0,5,4,0.8575811808794966,1,4.1,0,0.8656412337142845,0
PRACT_1896,2023-09-17,RRHH,Supervisor_1,0,0.9969361244995776,1,2,7,6,0.8608140569560514,1,3.9,0,0.9783939825551211,1
PRACT_1897,2022-11-16,Finanzas,Supervisor_8,0,0.9959626153789731,1,1,7,6,0.9617646199965589,1,3.7,1,0.8736520476460161,1
PRACT_1898,2021-06-05,RRHH,Supervisor_4,0,0.9357469645501741,2,0,20,16,0.8174865394987285,4,4.5,0,0.9448725413126438,0
PRACT_1899,2024-11-02,Finanzas,Supervisor_1,0,0.906589401821192,1,0,11,10,0.9523352570892497,1,3.6,0,0.8165495007779743,1
PRACT_1900,2023-07-12,Finanzas,Supervisor_5,0,0.9167055669468785,2,2,17,15,0.9053378717852703,2,4.9,0,0.9182197598543985,1
PRACT_1901,2023-05-18,Marketing,Supervisor_8,0,0.9992830825444697,1,2,12,11,0.9211249605292305,1,4.7,0,0.8963782462540879,0
PRACT_1902,2023-06-22,RRHH,Supervisor_4,0,0.9563012943171663,3,1,8,7,0.9546784449257545,1,4.8,1,0.9955915893909009,0
PRACT_1903,2023-09-26,RRHH,Supervisor_8,0,0.9356621798826052,0,0,8,7,0.9291621760102415,1,4.9,1,0.9692415539757926,1
PRACT_1904,2023-09-02,RRHH,Supervisor_8,0,0.928820269385004,3,2,5,4,0.8859635396282765,1,4.1,1,0.89096595448773,0
PRACT_1905,2024-05-15,TI,Supervisor_3,0,0.9256991735310948,2,2,5,4,0.9187033784227728,1,4.8,0,0.9550285528090677,1
PRACT_1906,2022-01-23,Finanzas,Supervisor_9,0,0.9664152765054482,2,2,16,14,0.9059126187296674,2,3.7,1,0.8386077482587555,1
PRACT_1907,2023-06-06,RRHH,Supervisor_3,1,0.64678574103189,8,2,9,4,0.5297442191254362,5,1.5,4,0.7249345309567112,-1
PRACT_1908,2023-04-18,TI,Supervisor_1,0,0.9965410699368612,0,2,12,11,0.9225337059478959,1,4.7,1,0.8149238111137417,1
PRACT_1909,2024-09-25,Marketing,Supervisor_2,0,0.9683843030645362,0,1,16,14,0.9360122791495913,2,3.6,1,0.8696178064503366,1
PRACT_1910,2021-12-06,RRHH,Supervisor_6,0,0.9792044591048961,4,1,19,17,0.9109161343071249,2,5.0,1,0.8451724363244341,0
PRACT_1911,2021-07-23,RRHH,Supervisor_10,0,0.929274154858316,1,0,16,13,0.8220116400875244,3,4.5,0,0.9437819630650421,1
PRACT_1912,2021-06-10,TI,Supervisor_2,1,0.527715243188019,9,4,17,7,0.46742807129764585,10,2.6,2,0.6960362764857446,-1
PRACT_1913,2022-01-27,Finanzas,Supervisor_6,1,0.6707379930836583,5,5,20,8,0.4173995963371086,12,1.9,2,0.8004281915392042,-1
PRACT_1914,2023-02-08,Marketing,Supervisor_1,0,0.9314581546546228,3,1,20,18,0.9468213961762253,2,4.5,0,0.9030590875262892,1
PRACT_1915,2022-07-29,RRHH,Supervisor_1,0,0.9202083165007924,1,0,14,13,0.9655439495582017,1,3.6,0,0.8172968884303278,0
PRACT_1916,2022-06-18,Finanzas,Supervisor_5,0,0.9952642130800862,3,0,7,5,0.8394576617434137,2,4.8,1,0.9470735299465054,0
PRACT_1917,2023-12-30,Marketing,Supervisor_10,1,0.6553958750197106,9,7,13,5,0.44004070134089773,8,1.8,3,0.8332917055951223,-1
PRACT_1918,2023-06-12,Operaciones,Supervisor_9,0,0.9174708592048786,2,0,19,17,0.9343912280989825,2,4.5,1,0.9807062451825586,1
PRACT_1919,2022-02-09,Operaciones,Supervisor_8,0,0.919865065268114,3,1,18,16,0.9266567027279377,2,3.8,0,0.9143983890613416,1
PRACT_1920,2022-08-31,Marketing,Supervisor_3,0,0.9280709742464595,4,0,11,10,0.9538758292926346,1,3.6,1,0.9507170717998991,0
PRACT_1921,2023-04-08,TI,Supervisor_3,0,0.9999316268189713,4,2,16,13,0.8689520374538592,3,4.2,1,0.9504088673765254,1
PRACT_1922,2024-02-18,Marketing,Supervisor_1,0,0.9268011500519597,4,1,10,9,0.9093188526994489,1,3.8,1,0.8311499519597889,0
PRACT_1923,2022-11-21,Marketing,Supervisor_3,0,0.9328801804578454,2,0,17,15,0.8984331011710411,2,4.6,0,0.8328441374919142,1
PRACT_1924,2023-06-21,TI,Supervisor_1,0,0.9659328127984002,2,1,6,5,0.979459317706659,1,3.9,1,0.8141771011618253,1
PRACT_1925,2024-05-25,TI,Supervisor_8,0,0.9293961376410298,2,0,16,13,0.8694915501157188,3,4.0,1,0.8639827270280603,1
PRACT_1926,2021-02-25,Finanzas,Supervisor_1,0,0.9215804251059694,1,2,18,17,0.9838859201116815,1,4.4,0,0.8947017175482129,1
PRACT_1927,2022-01-01,Finanzas,Supervisor_5,0,0.9158637186649599,2,0,6,5,0.8341810579888548,1,3.9,1,0.9995795705508435,1
PRACT_1928,2022-03-31,TI,Supervisor_9,0,0.9312682665027793,2,1,7,6,0.8884207492415558,1,4.1,0,0.8861986684136339,1
PRACT_1929,2021-04-14,Operaciones,Supervisor_7,0,0.9105915689628774,2,1,6,5,0.8783263911907635,1,4.7,0,0.9452485177014742,1
PRACT_1930,2021-03-18,Operaciones,Supervisor_4,0,0.9018646586414784,3,1,8,6,0.8645118473266538,2,3.8,1,0.9386794052545069,1
PRACT_1931,2021-08-18,Marketing,Supervisor_9,0,0.9804641697334677,2,0,17,14,0.849733756699514,3,3.6,0,0.840896390050116,1
PRACT_1932,2024-07-05,RRHH,Supervisor_9,0,0.9137894942414577,1,0,20,19,0.9662277928870765,1,4.0,1,0.8117014302898873,1
PRACT_1933,2024-07-11,Marketing,Supervisor_2,0,0.9775976849815242,4,0,17,14,0.8547641238572442,3,4.1,0,0.9092013503067176,1
PRACT_1934,2021-11-27,Marketing,Supervisor_10,0,0.9797542478986659,3,2,7,6,0.9788109225404289,1,4.3,0,0.9400611184628952,0
PRACT_1935,2024-04-20,RRHH,Supervisor_10,0,0.9537919526329244,0,2,12,11,0.9988506638173071,1,4.1,0,0.9996503580372512,0
PRACT_1936,2023-06-12,TI,Supervisor_6,1,0.608388685409533,12,4,7,4,0.6869494374331295,3,2.7,2,0.6434444209124683,0
PRACT_1937,2022-11-19,Operaciones,Supervisor_4,0,0.9145032733749888,2,2,20,18,0.9006755905888478,2,3.6,0,0.9792729124162194,1
PRACT_1938,2021-01-27,Marketing,Supervisor_8,1,0.7578817873523497,11,6,5,2,0.5419645089754315,3,2.1,4,0.6527729823476746,0
PRACT_1939,2024-07-23,RRHH,Supervisor_7,0,0.9601386985981786,4,1,11,10,0.9720861336177086,1,4.1,1,0.9378823416861026,0
PRACT_1940,2021-10-26,Finanzas,Supervisor_7,0,0.9655453456493565,4,1,16,13,0.87431462170324,3,4.5,1,0.9196505861034104,0
PRACT_1941,2023-08-15,Marketing,Supervisor_10,0,0.9008669089845132,3,1,6,5,0.920410734585409,1,4.9,1,0.8105957586605195,1
PRACT_1942,2023-03-10,Operaciones,Supervisor_9,0,0.9927517015707824,0,1,8,7,0.9480609581511964,1,4.3,1,0.8156776853940517,1
PRACT_1943,2024-01-20,TI,Supervisor_5,0,0.9066290187446551,1,0,17,16,0.9999785333410098,1,5.0,1,0.8041528179448922,0
PRACT_1944,2022-04-25,Marketing,Supervisor_6,0,0.9366805885140006,4,1,12,11,0.9546836421810726,1,4.0,1,0.8741668169187979,1
PRACT_1945,2022-07-27,Marketing,Supervisor_1,0,0.94027116496517,4,0,11,10,0.970464634955103,1,3.5,0,0.9491602097532021,1
PRACT_1946,2022-04-03,RRHH,Supervisor_6,0,0.9001355524497949,4,2,6,5,0.9970874768739321,1,3.7,1,0.8345510787981446,0
PRACT_1947,2021-12-31,Finanzas,Supervisor_2,0,0.9497089309350797,4,2,9,8,0.9703764979719691,1,4.1,0,0.9211705936767791,0
PRACT_1948,2023-05-09,Finanzas,Supervisor_6,0,0.975280899451101,3,2,17,16,0.9811910419498765,1,4.0,0,0.8577655560062156,0
PRACT_1949,2021-12-17,TI,Supervisor_9,0,0.9823268653114772,0,2,15,12,0.8071477103454936,3,3.6,0,0.9593985247958144,0
PRACT_1950,2024-11-24,Operaciones,Supervisor_8,0,0.9879396993305885,4,2,18,17,0.977819248543248,1,4.1,1,0.9596792298005982,1
PRACT_1951,2021-09-10,TI,Supervisor_9,0,0.9487718868315369,1,1,7,5,0.8099169941048004,2,4.0,1,0.9550829029932847,0
PRACT_1952,2023-02-20,Marketing,Supervisor_10,0,0.9630636190529651,1,1,16,15,0.9724503256604975,1,3.7,0,0.9049667027602754,0
PRACT_1953,2023-03-14,Marketing,Supervisor_8,0,0.9079519713296499,2,1,14,13,0.9383068450153953,1,3.9,0,0.8569133420159704,1
PRACT_1954,2023-10-09,Finanzas,Supervisor_3,0,0.948803822428175,4,2,17,16,0.9829631951529961,1,4.8,1,0.9618888087757269,1
PRACT_1955,2022-04-04,Operaciones,Supervisor_8,1,0.5541855142051073,12,3,19,8,0.4418210326034514,11,2.0,2,0.5744402247756966,-1
PRACT_1956,2023-07-06,RRHH,Supervisor_6,1,0.6293750911678825,12,5,16,7,0.4638552312879741,9,2.6,4,0.6159038408114624,-1
PRACT_1957,2022-05-14,Operaciones,Supervisor_6,0,0.93293053128646,4,1,20,18,0.9121063210990993,2,4.4,0,0.8367895412321243,1
PRACT_1958,2023-08-08,Marketing,Supervisor_6,0,0.9423540577241508,4,2,20,16,0.8027208790901337,4,4.1,0,0.9348420320775296,1
PRACT_1959,2022-05-23,RRHH,Supervisor_3,0,0.9571636617974133,1,2,8,7,0.9344547034403443,1,3.9,1,0.9372472056231637,1
PRACT_1960,2024-08-20,Operaciones,Supervisor_10,0,0.9902876647062996,0,2,9,7,0.8810451565858668,2,4.1,1,0.9305019985573506,1
PRACT_1961,2022-05-16,Operaciones,Supervisor_1,0,0.9394484631347505,0,0,9,8,0.9434592155146856,1,4.4,0,0.8831202933729336,1
PRACT_1962,2023-03-14,RRHH,Supervisor_4,0,0.9981131195711551,2,2,13,10,0.8419477987877132,3,4.0,1,0.8200342014402867,1
PRACT_1963,2022-08-21,Marketing,Supervisor_10,1,0.765659816817921,6,5,12,5,0.4560547058359861,7,1.8,3,0.8644678338060086,0
PRACT_1964,2021-06-15,Operaciones,Supervisor_6,0,0.9511481046788384,4,0,16,15,0.949253212266441,1,3.7,0,0.9015461928024476,0
PRACT_1965,2024-12-09,RRHH,Supervisor_10,0,0.9644026437111944,0,1,12,10,0.8488878891943387,2,4.8,0,0.8813944389822184,0
PRACT_1966,2022-04-07,Marketing,Supervisor_2,0,0.9102224171131945,3,2,15,14,0.943134755371068,1,4.2,1,0.9177649786496587,0
PRACT_1967,2023-07-09,RRHH,Supervisor_7,0,0.9844521531313655,3,0,9,8,0.9354325752944946,1,4.4,0,0.8385580871638212,0
PRACT_1968,2021-04-24,RRHH,Supervisor_7,0,0.9582357455063966,3,2,7,6,0.8890589544750421,1,4.2,1,0.826509755820975,0
PRACT_1969,2024-12-27,Operaciones,Supervisor_4,0,0.9986067480209602,4,1,20,19,0.9503313354420743,1,4.8,1,0.8811050442915888,1
PRACT_1970,2023-09-19,Marketing,Supervisor_4,0,0.963642874375285,4,1,20,18,0.9497117971341353,2,4.3,1,0.8454441388199821,0
PRACT_1971,2024-10-11,Operaciones,Supervisor_1,0,0.9834111583266325,2,0,12,9,0.8029915989186871,3,4.2,0,0.8488580589074329,1
PRACT_1972,2021-07-26,TI,Supervisor_2,1,0.7799169599783339,15,2,5,2,0.5572334623680866,3,2.9,1,0.8570045951114118,-1
PRACT_1973,2024-06-12,TI,Supervisor_9,0,0.9345461151468268,2,1,13,12,0.9379086367315196,1,4.6,1,0.906151835437165,0
PRACT_1974,2024-10-10,Marketing,Supervisor_10,0,0.9259610625233212,3,1,5,4,0.97705656581938,1,3.7,1,0.8966938128646702,1
PRACT_1975,2022-05-30,RRHH,Supervisor_8,0,0.943049358343151,4,2,11,8,0.8051697327680147,3,3.8,0,0.9378959187457194,0
PRACT_1976,2024-05-16,Operaciones,Supervisor_8,1,0.663534470543093,7,7,5,2,0.5891825414951828,3,2.7,4,0.8806192454706958,0
PRACT_1977,2022-12-10,Operaciones,Supervisor_9,0,0.9240084701936644,4,0,13,12,0.968591245647023,1,4.8,1,0.8224397128941129,1
PRACT_1978,2024-02-23,Marketing,Supervisor_7,0,0.9894597873350972,1,0,10,8,0.8206870333297525,2,4.3,1,0.9667069134218514,0
PRACT_1979,2021-05-18,Marketing,Supervisor_9,1,0.6898917518052261,12,4,6,3,0.5135066272188062,3,2.3,2,0.7336076719471384,0
PRACT_1980,2021-12-05,TI,Supervisor_10,1,0.8424555372537493,5,2,8,3,0.45103206460362283,5,2.4,2,0.558466141524735,0
PRACT_1981,2022-06-21,Finanzas,Supervisor_2,0,0.9810017778046263,0,1,5,4,0.8307914651503685,1,4.2,0,0.8594298637377984,0
PRACT_1982,2021-03-09,Marketing,Supervisor_6,1,0.6944967011371811,15,5,12,8,0.6868777594082143,4,2.5,3,0.6929445665858958,-1
PRACT_1983,2022-01-18,Finanzas,Supervisor_3,0,0.9947040278144359,3,1,8,6,0.8025096398377818,2,3.7,1,0.9382354289154846,1
PRACT_1984,2021-01-19,Marketing,Supervisor_6,0,0.9504874815095308,1,0,10,9,0.988382108970296,1,4.9,1,0.8485214033906905,0
PRACT_1985,2022-11-14,RRHH,Supervisor_3,0,0.9887106512518671,4,2,15,13,0.8749408739934379,2,4.6,0,0.906975763093518,1
PRACT_1986,2021-03-15,RRHH,Supervisor_8,0,0.9358144781195805,3,1,13,11,0.8992059788507089,2,4.4,0,0.9369343254831723,0
PRACT_1987,2022-07-27,TI,Supervisor_4,0,0.9378642383404094,2,1,10,9,0.9029947569964211,1,4.0,0,0.8897481501695013,1
PRACT_1988,2023-07-28,TI,Supervisor_10,0,0.9418130682970931,3,1,7,6,0.8721613652491502,1,3.7,1,0.9726051922240352,0
PRACT_1989,2024-07-23,Finanzas,Supervisor_6,0,0.9546625645943246,2,2,10,9,0.9403127080979035,1,4.1,0,0.9738918205680809,1
PRACT_1990,2023-12-08,Marketing,Supervisor_9,0,0.9553490270198824,0,2,9,8,0.9047388664489376,1,4.5,0,0.8941382435280891,1
PRACT_1991,2021-07-30,Operaciones,Supervisor_2,0,0.9496398921677084,0,1,11,9,0.8284926296174218,2,4.5,1,0.99458514208178,0
PRACT_1992,2023-05-05,TI,Supervisor_2,0,0.9306000973583167,3,0,18,16,0.8975915279581498,2,4.1,0,0.8151170184810895,0
PRACT_1993,2022-10-13,Operaciones,Supervisor_7,0,0.9927206464790831,1,2,5,4,0.9276219042407899,1,4.4,1,0.8006724756645873,0
PRACT_1994,2023-09-21,Operaciones,Supervisor_2,0,0.9588586097349254,4,1,5,4,0.9223063189229548,1,4.7,0,0.8761336527607838,1
PRACT_1995,2022-11-26,Marketing,Supervisor_2,0,0.9407739216191595,2,1,17,15,0.9290274081638517,2,3.5,0,0.9202194122745019,0
PRACT_1996,2022-06-24,Finanzas,Supervisor_4,0,0.9651176960743618,4,2,18,15,0.8654199330800159,3,4.2,0,0.9258400314899322,1
PRACT_1997,2024-04-29,Marketing,Supervisor_9,1,0.7687883652334317,13,4,9,5,0.5961160278279942,4,2.6,5,0.6905782945175314,0
PRACT_1998,2024-08-31,TI,Supervisor_8,0,0.9960728088228243,1,0,11,9,0.8367125816239818,2,4.3,0,0.8249766626481293,1
PRACT_1999,2023-06-20,Operaciones,Supervisor_2,0,0.9499549162267583,1,1,20,19,0.9693162551770089,1,4.5,1,0.8340995043575788,0
PRACT_2000,2023-02-19,Marketing,Supervisor_8,0,0.9112098510350759,4,0,6,5,0.8707275726280221,1,4.3,1,0.9704295967704019,0
